アミノ酸,Grong,クレアチン モノハイドレート,日本,,1580,公式ＨＰ,100,18,0,0,4.5,"<a href=""//af.moshimo.com/af/c/click?a_id=1343268&amp;p_id=170&amp;pc_id=185&amp;pl_id=4062&amp;url=https%3A%2F%2Fwww.amazon.co.jp%2Fdp%2FB08DTKJF13"" rel=""nofollow""><img src=""https://images-fe.ssl-images-amazon.com/images/I/51lBSiEQghL.jpg"" alt="""" style=""border: none;"" /></a><img src=""//i.moshimo.com/af/i/impression?a_id=1343268&amp;p_id=170&amp;pc_id=185&amp;pl_id=4062"" alt="""" width=""1"" height=""1"" style=""border: 0px;"" />",https://grong.jp/products/creatine-monohydrate-500g/
プロテイン,Grong,ホエイプロテイン100 ベーシック,日本,ココア,2480,公式ＨＰ,33,116,1.9,3.8,21.7,"<a href=""//af.moshimo.com/af/c/click?a_id=1343268&amp;p_id=170&amp;pc_id=185&amp;pl_id=4062&amp;url=https%3A%2F%2Fwww.amazon.co.jp%2Fdp%2FB08DXT1V3Z"" rel=""nofollow""><img src=""https://images-fe.ssl-images-amazon.com/images/I/41Ib+SYRHIL.jpg"" alt="""" style=""border: none;"" /></a><img src=""//i.moshimo.com/af/i/impression?a_id=1343268&amp;p_id=170&amp;pc_id=185&amp;pl_id=4062"" alt="""" width=""1"" height=""1"" style=""border: 0px;"" />",https://grong.jp/products/whey-protein-basic-cocoa-1kg/
プロテイン,Grong,ホエイプロテイン100 ベーシック,日本,ナチュラル,2180,公式ＨＰ,33,116,1.8,2.4,23.5,"<a href=""//af.moshimo.com/af/c/click?a_id=1343268&amp;p_id=170&amp;pc_id=185&amp;pl_id=4062&amp;url=https%3A%2F%2Fwww.amazon.co.jp%2Fdp%2FB08DXLQL58"" rel=""nofollow""><img src=""https://images-fe.ssl-images-amazon.com/images/I/41NaGFOoJ6L.jpg"" alt="""" style=""border: none;"" /></a><img src=""//i.moshimo.com/af/i/impression?a_id=1343268&amp;p_id=170&amp;pc_id=185&amp;pl_id=4062"" alt="""" width=""1"" height=""1"" style=""border: 0px;"" />",https://grong.jp/products/whey-protein-basic-natural-1kg/
プロテイン,Grong,ホエイプロテイン100 ベーシック,日本,バナナ,2480,公式ＨＰ,33,115,1.7,4.2,21.6,"<a href=""//af.moshimo.com/af/c/click?a_id=1343268&amp;p_id=170&amp;pc_id=185&amp;pl_id=4062&amp;url=https%3A%2F%2Fwww.amazon.co.jp%2Fdp%2FB08DXHX9NZ"" rel=""nofollow""><img src=""https://images-fe.ssl-images-amazon.com/images/I/410ctK5sdzL.jpg"" alt="""" style=""border: none;"" /></a><img src=""//i.moshimo.com/af/i/impression?a_id=1343268&amp;p_id=170&amp;pc_id=185&amp;pl_id=4062"" alt="""" width=""1"" height=""1"" style=""border: 0px;"" />",https://grong.jp/products/whey-protein-basic-banana-1kg/
プロテイン,Grong,ホエイプロテイン100 ベーシック,日本,フルーツミックス,2480,公式ＨＰ,33,115,1.7,4.2,21.6,"<a href=""//af.moshimo.com/af/c/click?a_id=1343268&amp;p_id=170&amp;pc_id=185&amp;pl_id=4062&amp;url=https%3A%2F%2Fwww.amazon.co.jp%2Fdp%2FB08DXH3LTQ"" rel=""nofollow""><img src=""https://images-fe.ssl-images-amazon.com/images/I/41zNRgQZ+wL.jpg"" alt="""" style=""border: none;"" /></a><img src=""//i.moshimo.com/af/i/impression?a_id=1343268&amp;p_id=170&amp;pc_id=185&amp;pl_id=4062"" alt="""" width=""1"" height=""1"" style=""border: 0px;"" />",https://grong.jp/products/whey-protein-basic-fruitmix-1kg/
プロテイン,Grong,ホエイプロテイン100 ベーシック,日本,メロン,2480,公式ＨＰ,33,113,1.7,3.8,21.6,"<a href=""//af.moshimo.com/af/c/click?a_id=1343268&amp;p_id=170&amp;pc_id=185&amp;pl_id=4062&amp;url=https%3A%2F%2Fwww.amazon.co.jp%2Fdp%2FB08DXMZ6BJ"" rel=""nofollow""><img src=""https://images-fe.ssl-images-amazon.com/images/I/41r7oKkBwTL.jpg"" alt="""" style=""border: none;"" /></a><img src=""//i.moshimo.com/af/i/impression?a_id=1343268&amp;p_id=170&amp;pc_id=185&amp;pl_id=4062"" alt="""" width=""1"" height=""1"" style=""border: 0px;"" />",https://grong.jp/products/whey-protein-basic-melon-1kg/
プロテイン,Grong,ホエイプロテイン100 ベーシック,日本,ヨーグルト,2480,公式ＨＰ,33,115,1.7,4.2,21.6,"<a href=""//af.moshimo.com/af/c/click?a_id=1343268&amp;p_id=170&amp;pc_id=185&amp;pl_id=4062&amp;url=https%3A%2F%2Fwww.amazon.co.jp%2Fdp%2FB08DXPMD4S"" rel=""nofollow""><img src=""https://images-fe.ssl-images-amazon.com/images/I/411XtQ+TdoL.jpg"" alt="""" style=""border: none;"" /></a><img src=""//i.moshimo.com/af/i/impression?a_id=1343268&amp;p_id=170&amp;pc_id=185&amp;pl_id=4062"" alt="""" width=""1"" height=""1"" style=""border: 0px;"" />",https://grong.jp/products/whey-protein-basic-yogurt-1kg/
アミノ酸,Grong,コンプリートEAA,日本,パイナップル,9980,公式ＨＰ,100,38,0.08,1.7,8.02,"<a href=""//af.moshimo.com/af/c/click?a_id=1343268&amp;p_id=170&amp;pc_id=185&amp;pl_id=4062&amp;url=https%3A%2F%2Fwww.amazon.co.jp%2Fdp%2FB08DKCMT5H"" rel=""nofollow""><img src=""https://images-fe.ssl-images-amazon.com/images/I/51DF0+Tfw+L.jpg"" alt="""" style=""border: none;"" /></a><img src=""//i.moshimo.com/af/i/impression?a_id=1343268&amp;p_id=170&amp;pc_id=185&amp;pl_id=4062"" alt="""" width=""1"" height=""1"" style=""border: 0px;"" />",https://grong.jp/products/complete-eaa-pineapple-1kg/
アミノ酸,Grong,コンプリートEAA,日本,ノンフレーバー,9980,公式ＨＰ,100,39,0,0,9.8,"<a href=""//af.moshimo.com/af/c/click?a_id=1343268&amp;p_id=170&amp;pc_id=185&amp;pl_id=4062&amp;url=https%3A%2F%2Fwww.amazon.co.jp%2Fdp%2FB08DKKKR91"" rel=""nofollow""><img src=""https://images-fe.ssl-images-amazon.com/images/I/513ywOqXtVL.jpg"" alt="""" style=""border: none;"" /></a><img src=""//i.moshimo.com/af/i/impression?a_id=1343268&amp;p_id=170&amp;pc_id=185&amp;pl_id=4062"" alt="""" width=""1"" height=""1"" style=""border: 0px;"" />",https://grong.jp/products/complete-eaa-non-flavor-1kg/
アミノ酸,Grong,コンプリートEAA,日本,エナジードリンク,9980,公式ＨＰ,100,38,0.09,1.7,7.97,"<a href=""//af.moshimo.com/af/c/click?a_id=1343268&amp;p_id=170&amp;pc_id=185&amp;pl_id=4062&amp;url=https%3A%2F%2Fwww.amazon.co.jp%2Fdp%2FB08DKKTNSB"" rel=""nofollow""><img src=""https://images-fe.ssl-images-amazon.com/images/I/51bIUcji6kL.jpg"" alt="""" style=""border: none;"" /></a><img src=""//i.moshimo.com/af/i/impression?a_id=1343268&amp;p_id=170&amp;pc_id=185&amp;pl_id=4062"" alt="""" width=""1"" height=""1"" style=""border: 0px;"" />",https://grong.jp/products/complete-eaa-energy-drink-1kg/
アミノ酸,Grong,コンプリートEAA,日本,レモンライム,9980,公式ＨＰ,100,38,0.06,1.7,7.97,"<a href=""//af.moshimo.com/af/c/click?a_id=1343268&amp;p_id=170&amp;pc_id=185&amp;pl_id=4062&amp;url=https%3A%2F%2Fwww.amazon.co.jp%2Fdp%2FB08DKMGNVB"" rel=""nofollow""><img src=""https://images-fe.ssl-images-amazon.com/images/I/51goMCxd6KL.jpg"" alt="""" style=""border: none;"" /></a><img src=""//i.moshimo.com/af/i/impression?a_id=1343268&amp;p_id=170&amp;pc_id=185&amp;pl_id=4062"" alt="""" width=""1"" height=""1"" style=""border: 0px;"" />",https://grong.jp/products/complete-eaa-lemonlime-1kg/
プロテイン,Grong,ホエイプロテイン100 WPI,日本,バニラ,3280,公式ＨＰ,33,107,0.4,0.6,25.3,"<a href=""//af.moshimo.com/af/c/click?a_id=1343268&amp;p_id=170&amp;pc_id=185&amp;pl_id=4062&amp;url=https%3A%2F%2Fwww.amazon.co.jp%2Fdp%2FB08CR1J8JJ"" rel=""nofollow""><img src=""https://images-fe.ssl-images-amazon.com/images/I/51PAAegd8NL.jpg"" alt="""" style=""border: none;"" /></a><img src=""//i.moshimo.com/af/i/impression?a_id=1343268&amp;p_id=170&amp;pc_id=185&amp;pl_id=4062"" alt="""" width=""1"" height=""1"" style=""border: 0px;"" />",https://grong.jp/products/whey-protein-wpi-vanilla-1kg/
プロテイン,Grong,ホエイプロテイン100 WPI,日本,ストロベリー,3280,公式ＨＰ,33,107,0.4,0.8,25,"<a href=""//af.moshimo.com/af/c/click?a_id=1343268&amp;p_id=170&amp;pc_id=185&amp;pl_id=4062&amp;url=https%3A%2F%2Fwww.amazon.co.jp%2Fdp%2FB08CR3WVZH"" rel=""nofollow""><img src=""https://images-fe.ssl-images-amazon.com/images/I/51to0WQu5qL.jpg"" alt="""" style=""border: none;"" /></a><img src=""//i.moshimo.com/af/i/impression?a_id=1343268&amp;p_id=170&amp;pc_id=185&amp;pl_id=4062"" alt="""" width=""1"" height=""1"" style=""border: 0px;"" />",https://grong.jp/products/whey-protein-wpi-strawberry-1kg/
プロテイン,Grong,ホエイプロテイン100 WPI,日本,抹茶,3280,公式ＨＰ,33,110,0.3,1.1,25.2,"<a href=""//af.moshimo.com/af/c/click?a_id=1343268&amp;p_id=170&amp;pc_id=185&amp;pl_id=4062&amp;url=https%3A%2F%2Fwww.amazon.co.jp%2Fdp%2FB086ZBSKXL"" rel=""nofollow""><img src=""https://images-fe.ssl-images-amazon.com/images/I/518f+TGwsUL.jpg"" alt="""" style=""border: none;"" /></a><img src=""//i.moshimo.com/af/i/impression?a_id=1343268&amp;p_id=170&amp;pc_id=185&amp;pl_id=4062"" alt="""" width=""1"" height=""1"" style=""border: 0px;"" />",https://grong.jp/products/whey-protein-wpi-matcha-1kg/
プロテイン,Grong,ホエイプロテイン100 WPI,日本,バナナ,3280,公式ＨＰ,33,110,0.3,1.4,25,"<a href=""//af.moshimo.com/af/c/click?a_id=1343268&amp;p_id=170&amp;pc_id=185&amp;pl_id=4062&amp;url=https%3A%2F%2Fwww.amazon.co.jp%2Fdp%2FB086Z98QV7"" rel=""nofollow""><img src=""https://images-fe.ssl-images-amazon.com/images/I/51AAji-S15L.jpg"" alt="""" style=""border: none;"" /></a><img src=""//i.moshimo.com/af/i/impression?a_id=1343268&amp;p_id=170&amp;pc_id=185&amp;pl_id=4062"" alt="""" width=""1"" height=""1"" style=""border: 0px;"" />",https://grong.jp/products/whey-protein-wpi-banana-1kg/
プロテイン,Grong,ホエイプロテイン100 WPI,日本,ナチュラル,2980,公式ＨＰ,33,111,0.3,0.9,25.7,"<a href=""//af.moshimo.com/af/c/click?a_id=1343268&amp;p_id=170&amp;pc_id=185&amp;pl_id=4062&amp;url=https%3A%2F%2Fwww.amazon.co.jp%2Fdp%2FB07NYLVZ87"" rel=""nofollow""><img src=""https://images-fe.ssl-images-amazon.com/images/I/51b8RlYOgBL.jpg"" alt="""" style=""border: none;"" /></a><img src=""//i.moshimo.com/af/i/impression?a_id=1343268&amp;p_id=170&amp;pc_id=185&amp;pl_id=4062"" alt="""" width=""1"" height=""1"" style=""border: 0px;"" />",https://grong.jp/products/whey-protein-wpi-natural-1kg/
プロテイン,Grong,ホエイプロテイン100 WPI,日本,ココア,3280,公式ＨＰ,33,110,0.5,1.7,24.5,"<a href=""//af.moshimo.com/af/c/click?a_id=1343268&amp;p_id=170&amp;pc_id=185&amp;pl_id=4062&amp;url=https%3A%2F%2Fwww.amazon.co.jp%2Fdp%2FB086ZB7WGW"" rel=""nofollow""><img src=""https://images-fe.ssl-images-amazon.com/images/I/51Iov0yqNmL.jpg"" alt="""" style=""border: none;"" /></a><img src=""//i.moshimo.com/af/i/impression?a_id=1343268&amp;p_id=170&amp;pc_id=185&amp;pl_id=4062"" alt="""" width=""1"" height=""1"" style=""border: 0px;"" />",https://grong.jp/products/whey-protein-wpi-cocoa-1kg/
