プロテイン,SAVAS,ザバス プロ ホエイプロテインGP,日本,バニラ,4180,公式HP,18,78,0.3,0.6,18.3,"<a href=""//af.moshimo.com/af/c/click?a_id=1343268&amp;p_id=170&amp;pc_id=185&amp;pl_id=4062&amp;url=https%3A%2F%2Fwww.amazon.co.jp%2Fdp%2FB00TEZ2JVK"" rel=""nofollow""><img src=""https://images-fe.ssl-images-amazon.com/images/I/51w5-hlBU9L.jpg"" alt="""" style=""border: none;"" /></a><img src=""//i.moshimo.com/af/i/impression?a_id=1343268&amp;p_id=170&amp;pc_id=185&amp;pl_id=4062"" alt="""" width=""1"" height=""1"" style=""border: 0px;"" />",https://www.meiji.co.jp/sports/savas/products/
プロテイン,SAVAS,ザバス プロ ホエイプロテインGP,日本,バニラ,8360,公式HP,40,78,0.3,0.6,18.3,"<a href=""//af.moshimo.com/af/c/click?a_id=1343268&amp;p_id=170&amp;pc_id=185&amp;pl_id=4062&amp;url=https%3A%2F%2Fwww.amazon.co.jp%2Fdp%2FB00TEZ2JSI"" rel=""nofollow""><img src=""https://images-fe.ssl-images-amazon.com/images/I/51MsnaZltML.jpg"" alt="""" style=""border: none;"" /></a><img src=""//i.moshimo.com/af/i/impression?a_id=1343268&amp;p_id=170&amp;pc_id=185&amp;pl_id=4062"" alt="""" width=""1"" height=""1"" style=""border: 0px;"" />",https://www.meiji.co.jp/sports/savas/products/
プロテイン,SAVAS,ザバス プロ クリアプロテイン ホエイ100,日本,ノンフレーバー,4180,公式HP,18,78,0,0.2,19.4,"<a href=""//af.moshimo.com/af/c/click?a_id=1343268&amp;p_id=170&amp;pc_id=185&amp;pl_id=4062&amp;url=https%3A%2F%2Fwww.amazon.co.jp%2Fdp%2FB00TEZ2JK6"" rel=""nofollow""><img src=""https://images-fe.ssl-images-amazon.com/images/I/51n6WzxWR4L.jpg"" alt="""" style=""border: none;"" /></a><img src=""//i.moshimo.com/af/i/impression?a_id=1343268&amp;p_id=170&amp;pc_id=185&amp;pl_id=4062"" alt="""" width=""1"" height=""1"" style=""border: 0px;"" />",https://www.meiji.co.jp/sports/savas/products/
プロテイン,SAVAS,ザバス プロ クリアプロテイン ホエイ100,日本,ノンフレーバー,8360,公式HP,40,78,0,0.2,19.4,"<a href=""//af.moshimo.com/af/c/click?a_id=1343268&amp;p_id=170&amp;pc_id=185&amp;pl_id=4062&amp;url=https%3A%2F%2Fwww.amazon.co.jp%2Fdp%2FB00TEZ2JC4"" rel=""nofollow""><img src=""https://images-fe.ssl-images-amazon.com/images/I/517NzG5UlkL.jpg"" alt="""" style=""border: none;"" /></a><img src=""//i.moshimo.com/af/i/impression?a_id=1343268&amp;p_id=170&amp;pc_id=185&amp;pl_id=4062"" alt="""" width=""1"" height=""1"" style=""border: 0px;"" />",https://www.meiji.co.jp/sports/savas/products/
プロテイン,SAVAS,ザバス プロ リカバリープロテイン,日本,グレープフルーツ,3850,公式HP,14,112,0,17.5,11,"<a href=""//af.moshimo.com/af/c/click?a_id=1343268&amp;p_id=170&amp;pc_id=185&amp;pl_id=4062&amp;url=https%3A%2F%2Fwww.amazon.co.jp%2Fdp%2FB00TEZ2JRO"" rel=""nofollow""><img src=""https://images-fe.ssl-images-amazon.com/images/I/513RSG7dHCL.jpg"" alt="""" style=""border: none;"" /></a><img src=""//i.moshimo.com/af/i/impression?a_id=1343268&amp;p_id=170&amp;pc_id=185&amp;pl_id=4062"" alt="""" width=""1"" height=""1"" style=""border: 0px;"" />",https://www.meiji.co.jp/sports/savas/products/
プロテイン,SAVAS,ザバス プロ リカバリープロテイン,日本,グレープフルーツ,7920,公式HP,34,112,0,17.5,11,"<a href=""//af.moshimo.com/af/c/click?a_id=1343268&amp;p_id=170&amp;pc_id=185&amp;pl_id=4062&amp;url=https%3A%2F%2Fwww.amazon.co.jp%2Fdp%2FB00TEZ2JEM"" rel=""nofollow""><img src=""https://images-fe.ssl-images-amazon.com/images/I/51UikSaMuIL.jpg"" alt="""" style=""border: none;"" /></a><img src=""//i.moshimo.com/af/i/impression?a_id=1343268&amp;p_id=170&amp;pc_id=185&amp;pl_id=4062"" alt="""" width=""1"" height=""1"" style=""border: 0px;"" />",https://www.meiji.co.jp/sports/savas/products/
プロテインゼリー,SAVAS,ザバス リカバリープロテインゼリー,日本,ミックスフルーツ,308,公式HP,1,170,0.9,30.9,10,"<a href=""//af.moshimo.com/af/c/click?a_id=1343268&amp;p_id=170&amp;pc_id=185&amp;pl_id=4062&amp;url=https%3A%2F%2Fwww.amazon.co.jp%2Fdp%2FB07NS33VD1"" rel=""nofollow""><img src=""https://images-fe.ssl-images-amazon.com/images/I/51LBJcH4KJL.jpg"" alt="""" style=""border: none;"" /></a><img src=""//i.moshimo.com/af/i/impression?a_id=1343268&amp;p_id=170&amp;pc_id=185&amp;pl_id=4062"" alt="""" width=""1"" height=""1"" style=""border: 0px;"" />",https://www.meiji.co.jp/sports/savas/products/
プロテイン,SAVAS,ザバス タイプ1 ストレングス,日本,バニラ,3300,公式HP,18,82,1.4,1.5,15.8,"<a href=""//af.moshimo.com/af/c/click?a_id=1343268&amp;p_id=170&amp;pc_id=185&amp;pl_id=4062&amp;url=https%3A%2F%2Fwww.amazon.co.jp%2Fdp%2FB00TEZ2PBE"" rel=""nofollow""><img src=""https://images-fe.ssl-images-amazon.com/images/I/51fEldPlq5L.jpg"" alt="""" style=""border: none;"" /></a><img src=""//i.moshimo.com/af/i/impression?a_id=1343268&amp;p_id=170&amp;pc_id=185&amp;pl_id=4062"" alt="""" width=""1"" height=""1"" style=""border: 0px;"" />",https://www.meiji.co.jp/sports/savas/products/
プロテイン,SAVAS,ザバス タイプ1 ストレングス,日本,バニラ,6820,公式HP,55,82,1.4,1.5,15.8,"<a href=""//af.moshimo.com/af/c/click?a_id=1343268&amp;p_id=170&amp;pc_id=185&amp;pl_id=4062&amp;url=https%3A%2F%2Fwww.amazon.co.jp%2Fdp%2FB00TEZ2MOY"" rel=""nofollow""><img src=""https://images-fe.ssl-images-amazon.com/images/I/51NxZQH3dXL.jpg"" alt="""" style=""border: none;"" /></a><img src=""//i.moshimo.com/af/i/impression?a_id=1343268&amp;p_id=170&amp;pc_id=185&amp;pl_id=4062"" alt="""" width=""1"" height=""1"" style=""border: 0px;"" />",https://www.meiji.co.jp/sports/savas/products/
プロテイン,SAVAS,ザバス タイプ2 スピード,日本,バニラ,2970,公式HP,18,81,1,2.9,15,"<a href=""//af.moshimo.com/af/c/click?a_id=1343268&amp;p_id=170&amp;pc_id=185&amp;pl_id=4062&amp;url=https%3A%2F%2Fwww.amazon.co.jp%2Fdp%2FB00TEZ2MLM"" rel=""nofollow""><img src=""https://images-fe.ssl-images-amazon.com/images/I/51XRnchUSTL.jpg"" alt="""" style=""border: none;"" /></a><img src=""//i.moshimo.com/af/i/impression?a_id=1343268&amp;p_id=170&amp;pc_id=185&amp;pl_id=4062"" alt="""" width=""1"" height=""1"" style=""border: 0px;"" />",https://www.meiji.co.jp/sports/savas/products/
プロテイン,SAVAS,ザバス タイプ2 スピード,日本,バニラ,6380,公式HP,55,81,1,2.9,15,"<a href=""//af.moshimo.com/af/c/click?a_id=1343268&amp;p_id=170&amp;pc_id=185&amp;pl_id=4062&amp;url=https%3A%2F%2Fwww.amazon.co.jp%2Fdp%2FB00TEZ2MAS"" rel=""nofollow""><img src=""https://images-fe.ssl-images-amazon.com/images/I/51FAfusYPXL.jpg"" alt="""" style=""border: none;"" /></a><img src=""//i.moshimo.com/af/i/impression?a_id=1343268&amp;p_id=170&amp;pc_id=185&amp;pl_id=4062"" alt="""" width=""1"" height=""1"" style=""border: 0px;"" />",https://www.meiji.co.jp/sports/savas/products/
プロテイン,SAVAS,ザバス タイプ3 エンデュランス,日本,バニラ,2750,公式HP,18,78,0.6,5,13.1,"<a href=""//af.moshimo.com/af/c/click?a_id=1343268&amp;p_id=170&amp;pc_id=185&amp;pl_id=4062&amp;url=https%3A%2F%2Fwww.amazon.co.jp%2Fdp%2FB00TEZ2MGM"" rel=""nofollow""><img src=""https://images-fe.ssl-images-amazon.com/images/I/515S9QeT5pL.jpg"" alt="""" style=""border: none;"" /></a><img src=""//i.moshimo.com/af/i/impression?a_id=1343268&amp;p_id=170&amp;pc_id=185&amp;pl_id=4062"" alt="""" width=""1"" height=""1"" style=""border: 0px;"" />",https://www.meiji.co.jp/sports/savas/products/
プロテイン,SAVAS,ザバス タイプ3 エンデュランス,日本,バニラ,5830,公式HP,55,78,0.6,5,13.1,"<a href=""//af.moshimo.com/af/c/click?a_id=1343268&amp;p_id=170&amp;pc_id=185&amp;pl_id=4062&amp;url=https%3A%2F%2Fwww.amazon.co.jp%2Fdp%2FB00TEZ2MN0"" rel=""nofollow""><img src=""https://images-fe.ssl-images-amazon.com/images/I/517GNO72wbL.jpg"" alt="""" style=""border: none;"" /></a><img src=""//i.moshimo.com/af/i/impression?a_id=1343268&amp;p_id=170&amp;pc_id=185&amp;pl_id=4062"" alt="""" width=""1"" height=""1"" style=""border: 0px;"" />",https://www.meiji.co.jp/sports/savas/products/
プロテイン,SAVAS,ザバス ウェイトアップ,日本,バナナ,2365,公式HP,20,77,0.4,14.4,4,"<a href=""//af.moshimo.com/af/c/click?a_id=1343268&amp;p_id=170&amp;pc_id=185&amp;pl_id=4062&amp;url=https%3A%2F%2Fwww.amazon.co.jp%2Fdp%2FB01LXUHBJB"" rel=""nofollow""><img src=""https://images-fe.ssl-images-amazon.com/images/I/51Rdmyg-yhL.jpg"" alt="""" style=""border: none;"" /></a><img src=""//i.moshimo.com/af/i/impression?a_id=1343268&amp;p_id=170&amp;pc_id=185&amp;pl_id=4062"" alt="""" width=""1"" height=""1"" style=""border: 0px;"" />",https://www.meiji.co.jp/sports/savas/products/
プロテイン,SAVAS,ザバス ウェイトアップ,日本,バナナ,5500,公式HP,60,77,0.4,14.4,4,"<a href=""//af.moshimo.com/af/c/click?a_id=1343268&amp;p_id=170&amp;pc_id=185&amp;pl_id=4062&amp;url=https%3A%2F%2Fwww.amazon.co.jp%2Fdp%2FB00IEA525G"" rel=""nofollow""><img src=""https://images-fe.ssl-images-amazon.com/images/I/51ogUrpzaCL.jpg"" alt="""" style=""border: none;"" /></a><img src=""//i.moshimo.com/af/i/impression?a_id=1343268&amp;p_id=170&amp;pc_id=185&amp;pl_id=4062"" alt="""" width=""1"" height=""1"" style=""border: 0px;"" />",https://www.meiji.co.jp/sports/savas/products/
プロテイン,SAVAS,ザバス ウェイトダウン,日本,ヨーグルト,2750,公式HP,16,79,0.9,0.9,16.8,"<a href=""//af.moshimo.com/af/c/click?a_id=1343268&amp;p_id=170&amp;pc_id=185&amp;pl_id=4062&amp;url=https%3A%2F%2Fwww.amazon.co.jp%2Fdp%2FB00IEA51WA"" rel=""nofollow""><img src=""https://images-fe.ssl-images-amazon.com/images/I/51Wk7GIsYwL.jpg"" alt="""" style=""border: none;"" /></a><img src=""//i.moshimo.com/af/i/impression?a_id=1343268&amp;p_id=170&amp;pc_id=185&amp;pl_id=4062"" alt="""" width=""1"" height=""1"" style=""border: 0px;"" />",https://www.meiji.co.jp/sports/savas/products/
プロテイン,SAVAS,ザバス ウェイトダウン,日本,ヨーグルト,5720,公式HP,50,79,0.9,0.9,16.8,"<a href=""//af.moshimo.com/af/c/click?a_id=1343268&amp;p_id=170&amp;pc_id=185&amp;pl_id=4062&amp;url=https%3A%2F%2Fwww.amazon.co.jp%2Fdp%2FB00IEA57F6"" rel=""nofollow""><img src=""https://images-fe.ssl-images-amazon.com/images/I/51MRScMCrKL.jpg"" alt="""" style=""border: none;"" /></a><img src=""//i.moshimo.com/af/i/impression?a_id=1343268&amp;p_id=170&amp;pc_id=185&amp;pl_id=4062"" alt="""" width=""1"" height=""1"" style=""border: 0px;"" />",https://www.meiji.co.jp/sports/savas/products/
プロテイン,SAVAS,ザバス ウェイトダウン,日本,チョコレート,2750,公式HP,16,79,1,0.9,16.5,"<a href=""https://images-na.ssl-images-amazon.com/images/I/61Vw2eLAj3L._AC_SL1200_.jpg"" class=""http-image""><img src=""https://images-na.ssl-images-amazon.com/images/I/61Vw2eLAj3L._AC_SL1200_.jpg"" class=""http-image"" alt=""https://images-na.ssl-images-amazon.com/images/I/61Vw2eLAj3L._AC_SL1200_.jpg"" /></a>",https://www.meiji.co.jp/sports/savas/products/
プロテイン,SAVAS,ザバス ウェイトダウン,日本,チョコレート,5720,公式HP,50,79,1,0.9,16.5,"<a href=""//af.moshimo.com/af/c/click?a_id=1343268&amp;p_id=170&amp;pc_id=185&amp;pl_id=4062&amp;url=https%3A%2F%2Fwww.amazon.co.jp%2Fdp%2FB077B918ZT"" rel=""nofollow""><img src=""https://images-fe.ssl-images-amazon.com/images/I/51ZDpJqd-RL.jpg"" alt="""" style=""border: none;"" /></a><img src=""//i.moshimo.com/af/i/impression?a_id=1343268&amp;p_id=170&amp;pc_id=185&amp;pl_id=4062"" alt="""" width=""1"" height=""1"" style=""border: 0px;"" />",https://www.meiji.co.jp/sports/savas/products/
プロテイン,SAVAS,ザバス ホエイプロテイン100,日本,ココア,2585,公式HP,14,83,1.4,2.5,15,"<a href=""//af.moshimo.com/af/c/click?a_id=1343268&amp;p_id=170&amp;pc_id=185&amp;pl_id=4062&amp;url=https%3A%2F%2Fwww.amazon.co.jp%2Fdp%2FB084DPLT39"" rel=""nofollow""><img src=""https://images-fe.ssl-images-amazon.com/images/I/51zior7ZAyL.jpg"" alt="""" style=""border: none;"" /></a><img src=""//i.moshimo.com/af/i/impression?a_id=1343268&amp;p_id=170&amp;pc_id=185&amp;pl_id=4062"" alt="""" width=""1"" height=""1"" style=""border: 0px;"" />",https://www.meiji.co.jp/sports/savas/products/
プロテイン,SAVAS,ザバス ホエイプロテイン100,日本,ココア,6105,公式HP,50,83,1.4,2.5,15,"<a href=""//af.moshimo.com/af/c/click?a_id=1343268&amp;p_id=170&amp;pc_id=185&amp;pl_id=4062&amp;url=https%3A%2F%2Fwww.amazon.co.jp%2Fdp%2FB00IEA5210"" rel=""nofollow""><img src=""https://images-fe.ssl-images-amazon.com/images/I/51Zla-QUKzL.jpg"" alt="""" style=""border: none;"" /></a><img src=""//i.moshimo.com/af/i/impression?a_id=1343268&amp;p_id=170&amp;pc_id=185&amp;pl_id=4062"" alt="""" width=""1"" height=""1"" style=""border: 0px;"" />",https://www.meiji.co.jp/sports/savas/products/
プロテイン,SAVAS,ザバス ホエイプロテイン100,日本,ココア,13200,公式HP,120,83,1.4,2.5,15,"<a href=""//af.moshimo.com/af/c/click?a_id=1343268&amp;p_id=170&amp;pc_id=185&amp;pl_id=4062&amp;url=https%3A%2F%2Fwww.amazon.co.jp%2Fdp%2FB00I95NJQA"" rel=""nofollow""><img src=""https://images-fe.ssl-images-amazon.com/images/I/51PgiRa0fUL.jpg"" alt="""" style=""border: none;"" /></a><img src=""//i.moshimo.com/af/i/impression?a_id=1343268&amp;p_id=170&amp;pc_id=185&amp;pl_id=4062"" alt="""" width=""1"" height=""1"" style=""border: 0px;"" />",https://www.meiji.co.jp/sports/savas/products/
プロテイン,SAVAS,ザバス ホエイプロテイン100,日本,バニラ,2585,公式HP,14,84,1.4,2.9,15,"<a href=""//af.moshimo.com/af/c/click?a_id=1343268&amp;p_id=170&amp;pc_id=185&amp;pl_id=4062&amp;url=https%3A%2F%2Fwww.amazon.co.jp%2Fdp%2FB084DPQ8X6"" rel=""nofollow""><img src=""https://images-fe.ssl-images-amazon.com/images/I/51IbHHHh8uL.jpg"" alt="""" style=""border: none;"" /></a><img src=""//i.moshimo.com/af/i/impression?a_id=1343268&amp;p_id=170&amp;pc_id=185&amp;pl_id=4062"" alt="""" width=""1"" height=""1"" style=""border: 0px;"" />",https://www.meiji.co.jp/sports/savas/products/
プロテイン,SAVAS,ザバス ホエイプロテイン100,日本,バニラ,6105,公式HP,50,84,1.4,2.9,15,"<a href=""//af.moshimo.com/af/c/click?a_id=1343268&amp;p_id=170&amp;pc_id=185&amp;pl_id=4062&amp;url=https%3A%2F%2Fwww.amazon.co.jp%2Fdp%2FB00IEA4UK4"" rel=""nofollow""><img src=""https://images-fe.ssl-images-amazon.com/images/I/511oe3q2VHL.jpg"" alt="""" style=""border: none;"" /></a><img src=""//i.moshimo.com/af/i/impression?a_id=1343268&amp;p_id=170&amp;pc_id=185&amp;pl_id=4062"" alt="""" width=""1"" height=""1"" style=""border: 0px;"" />",https://www.meiji.co.jp/sports/savas/products/
プロテイン,SAVAS,ザバス ホエイプロテイン100,日本,リッチショコラ,2585,公式HP,14,83,1.5,2.8,14.6,"<a href=""//af.moshimo.com/af/c/click?a_id=1343268&amp;p_id=170&amp;pc_id=185&amp;pl_id=4062&amp;url=https%3A%2F%2Fwww.amazon.co.jp%2Fdp%2FB084DPDJXJ"" rel=""nofollow""><img src=""https://images-fe.ssl-images-amazon.com/images/I/51Lm6LtD5rL.jpg"" alt="""" style=""border: none;"" /></a><img src=""//i.moshimo.com/af/i/impression?a_id=1343268&amp;p_id=170&amp;pc_id=185&amp;pl_id=4062"" alt="""" width=""1"" height=""1"" style=""border: 0px;"" />",https://www.meiji.co.jp/sports/savas/products/
プロテイン,SAVAS,ザバス ホエイプロテイン100,日本,リッチショコラ,6105,公式HP,50,83,1.5,2.8,14.6,"<a href=""//af.moshimo.com/af/c/click?a_id=1343268&amp;p_id=170&amp;pc_id=185&amp;pl_id=4062&amp;url=https%3A%2F%2Fwww.amazon.co.jp%2Fdp%2FB079Y6SGJ4"" rel=""nofollow""><img src=""https://images-fe.ssl-images-amazon.com/images/I/51oJ8zxW33L.jpg"" alt="""" style=""border: none;"" /></a><img src=""//i.moshimo.com/af/i/impression?a_id=1343268&amp;p_id=170&amp;pc_id=185&amp;pl_id=4062"" alt="""" width=""1"" height=""1"" style=""border: 0px;"" />",https://www.meiji.co.jp/sports/savas/products/
プロテイン,SAVAS,ザバス ホエイプロテイン100,日本,抹茶,2585,公式HP,14,85,1.4,3.8,14.3,"<a href=""//af.moshimo.com/af/c/click?a_id=1343268&amp;p_id=170&amp;pc_id=185&amp;pl_id=4062&amp;url=https%3A%2F%2Fwww.amazon.co.jp%2Fdp%2FB084DPDM1Y"" rel=""nofollow""><img src=""https://images-fe.ssl-images-amazon.com/images/I/51Ml4g6W8-L.jpg"" alt="""" style=""border: none;"" /></a><img src=""//i.moshimo.com/af/i/impression?a_id=1343268&amp;p_id=170&amp;pc_id=185&amp;pl_id=4062"" alt="""" width=""1"" height=""1"" style=""border: 0px;"" />",https://www.meiji.co.jp/sports/savas/products/
プロテイン,SAVAS,ザバス ホエイプロテイン100,日本,抹茶,6105,公式HP,50,85,1.4,3.8,14.3,"<a href=""//af.moshimo.com/af/c/click?a_id=1343268&amp;p_id=170&amp;pc_id=185&amp;pl_id=4062&amp;url=https%3A%2F%2Fwww.amazon.co.jp%2Fdp%2FB07NPY74W6"" rel=""nofollow""><img src=""https://images-fe.ssl-images-amazon.com/images/I/51yZs8+Fm3L.jpg"" alt="""" style=""border: none;"" /></a><img src=""//i.moshimo.com/af/i/impression?a_id=1343268&amp;p_id=170&amp;pc_id=185&amp;pl_id=4062"" alt="""" width=""1"" height=""1"" style=""border: 0px;"" />",https://www.meiji.co.jp/sports/savas/products/
プロテイン,SAVAS,ザバス ホエイプロテイン100,日本,ヨーグルト,2585,公式HP,14,85,1.4,3.7,14.3,"<a href=""//af.moshimo.com/af/c/click?a_id=1343268&amp;p_id=170&amp;pc_id=185&amp;pl_id=4062&amp;url=https%3A%2F%2Fwww.amazon.co.jp%2Fdp%2FB084DPBRS7"" rel=""nofollow""><img src=""https://images-fe.ssl-images-amazon.com/images/I/51+92etoPKL.jpg"" alt="""" style=""border: none;"" /></a><img src=""//i.moshimo.com/af/i/impression?a_id=1343268&amp;p_id=170&amp;pc_id=185&amp;pl_id=4062"" alt="""" width=""1"" height=""1"" style=""border: 0px;"" />",https://www.meiji.co.jp/sports/savas/products/
プロテイン,SAVAS,ザバス ホエイプロテイン100,日本,ヨーグルト,6105,公式HP,50,85,1.4,3.7,14.3,"<a href=""//af.moshimo.com/af/c/click?a_id=1343268&amp;p_id=170&amp;pc_id=185&amp;pl_id=4062&amp;url=https%3A%2F%2Fwww.amazon.co.jp%2Fdp%2FB07NPXRQQP"" rel=""nofollow""><img src=""https://images-fe.ssl-images-amazon.com/images/I/51OF8pcP6IL.jpg"" alt="""" style=""border: none;"" /></a><img src=""//i.moshimo.com/af/i/impression?a_id=1343268&amp;p_id=170&amp;pc_id=185&amp;pl_id=4062"" alt="""" width=""1"" height=""1"" style=""border: 0px;"" />",https://www.meiji.co.jp/sports/savas/products/
プロテイン,SAVAS,ザバス アクア ホエイプロテイン100,日本,グレープフルーツ,3630,公式HP,18,78,0,5.7,14.1,"<a href=""//af.moshimo.com/af/c/click?a_id=1343268&amp;p_id=170&amp;pc_id=185&amp;pl_id=4062&amp;url=https%3A%2F%2Fwww.amazon.co.jp%2Fdp%2FB00IEA4OZK"" rel=""nofollow""><img src=""https://images-fe.ssl-images-amazon.com/images/I/51pTBsYk+5L.jpg"" alt="""" style=""border: none;"" /></a><img src=""//i.moshimo.com/af/i/impression?a_id=1343268&amp;p_id=170&amp;pc_id=185&amp;pl_id=4062"" alt="""" width=""1"" height=""1"" style=""border: 0px;"" />",https://www.meiji.co.jp/sports/savas/products/
プロテイン,SAVAS,ザバス アクア ホエイプロテイン100,日本,グレープフルーツ,7260,公式HP,40,78,0,5.7,14.1,"<a href=""//af.moshimo.com/af/c/click?a_id=1343268&amp;p_id=170&amp;pc_id=185&amp;pl_id=4062&amp;url=https%3A%2F%2Fwww.amazon.co.jp%2Fdp%2FB00IEA4OSW"" rel=""nofollow""><img src=""https://images-fe.ssl-images-amazon.com/images/I/61EpcB1uU0L.jpg"" alt="""" style=""border: none;"" /></a><img src=""//i.moshimo.com/af/i/impression?a_id=1343268&amp;p_id=170&amp;pc_id=185&amp;pl_id=4062"" alt="""" width=""1"" height=""1"" style=""border: 0px;"" />",https://www.meiji.co.jp/sports/savas/products/
プロテイン,SAVAS,ザバス アクア ホエイプロテイン100,日本,グレープフルーツ,14410,公式HP,90,78,0,5.7,14.1,"<a href=""//af.moshimo.com/af/c/click?a_id=1343268&amp;p_id=170&amp;pc_id=185&amp;pl_id=4062&amp;url=https%3A%2F%2Fwww.amazon.co.jp%2Fdp%2FB00I95NJNS"" rel=""nofollow""><img src=""https://images-fe.ssl-images-amazon.com/images/I/51LZdMuyCZL.jpg"" alt="""" style=""border: none;"" /></a><img src=""//i.moshimo.com/af/i/impression?a_id=1343268&amp;p_id=170&amp;pc_id=185&amp;pl_id=4062"" alt="""" width=""1"" height=""1"" style=""border: 0px;"" />",https://www.meiji.co.jp/sports/savas/products/
プロテイン,SAVAS,ザバス アクア ホエイプロテイン100,日本,アセロラ,3630,公式HP,18,77,0,5.6,14.1,"<a href=""//af.moshimo.com/af/c/click?a_id=1343268&amp;p_id=170&amp;pc_id=185&amp;pl_id=4062&amp;url=https%3A%2F%2Fwww.amazon.co.jp%2Fdp%2FB00IEA4UFE"" rel=""nofollow""><img src=""https://images-fe.ssl-images-amazon.com/images/I/51GDDSobFFL.jpg"" alt="""" style=""border: none;"" /></a><img src=""//i.moshimo.com/af/i/impression?a_id=1343268&amp;p_id=170&amp;pc_id=185&amp;pl_id=4062"" alt="""" width=""1"" height=""1"" style=""border: 0px;"" />",https://www.meiji.co.jp/sports/savas/products/
プロテイン,SAVAS,ザバス アクア ホエイプロテイン100,日本,アセロラ,7260,公式HP,40,77,0,5.6,14.1,"<a href=""//af.moshimo.com/af/c/click?a_id=1343268&amp;p_id=170&amp;pc_id=185&amp;pl_id=4062&amp;url=https%3A%2F%2Fwww.amazon.co.jp%2Fdp%2FB00IEA4U18"" rel=""nofollow""><img src=""https://images-fe.ssl-images-amazon.com/images/I/61pEuHkqGDL.jpg"" alt="""" style=""border: none;"" /></a><img src=""//i.moshimo.com/af/i/impression?a_id=1343268&amp;p_id=170&amp;pc_id=185&amp;pl_id=4062"" alt="""" width=""1"" height=""1"" style=""border: 0px;"" />",https://www.meiji.co.jp/sports/savas/products/
プロテイン,SAVAS,ザバス ジュニアプロテイン,日本,ココア,1265,公式HP,15,50,0.6,5.1,6,"<a href=""//af.moshimo.com/af/c/click?a_id=1343268&amp;p_id=170&amp;pc_id=185&amp;pl_id=4062&amp;url=https%3A%2F%2Fwww.amazon.co.jp%2Fdp%2FB00IEA57ME"" rel=""nofollow""><img src=""https://images-fe.ssl-images-amazon.com/images/I/51jNstQbwJL.jpg"" alt="""" style=""border: none;"" /></a><img src=""//i.moshimo.com/af/i/impression?a_id=1343268&amp;p_id=170&amp;pc_id=185&amp;pl_id=4062"" alt="""" width=""1"" height=""1"" style=""border: 0px;"" />",https://www.meiji.co.jp/sports/savas/products/
プロテイン,SAVAS,ザバス ジュニアプロテイン,日本,ココア,4620,公式HP,60,50,0.6,5.1,6,"<a href=""//af.moshimo.com/af/c/click?a_id=1343268&amp;p_id=170&amp;pc_id=185&amp;pl_id=4062&amp;url=https%3A%2F%2Fwww.amazon.co.jp%2Fdp%2FB00IEA57NI"" rel=""nofollow""><img src=""https://images-fe.ssl-images-amazon.com/images/I/51C4AncxlbL.jpg"" alt="""" style=""border: none;"" /></a><img src=""//i.moshimo.com/af/i/impression?a_id=1343268&amp;p_id=170&amp;pc_id=185&amp;pl_id=4062"" alt="""" width=""1"" height=""1"" style=""border: 0px;"" />",https://www.meiji.co.jp/sports/savas/products/
プロテイン,SAVAS,ザバス ジュニアプロテイン,日本,マスカット,1265,公式HP,12,52,0.1,6.8,6,"<a href=""//af.moshimo.com/af/c/click?a_id=1343268&amp;p_id=170&amp;pc_id=185&amp;pl_id=4062&amp;url=https%3A%2F%2Fwww.amazon.co.jp%2Fdp%2FB00LO88NTW"" rel=""nofollow""><img src=""https://images-fe.ssl-images-amazon.com/images/I/510dhIi9O+L.jpg"" alt="""" style=""border: none;"" /></a><img src=""//i.moshimo.com/af/i/impression?a_id=1343268&amp;p_id=170&amp;pc_id=185&amp;pl_id=4062"" alt="""" width=""1"" height=""1"" style=""border: 0px;"" />",https://www.meiji.co.jp/sports/savas/products/
プロテイン,SAVAS,ザバス ジュニアプロテイン,日本,マスカット,4620,公式HP,50,52,0.1,6.8,6,"<a href=""//af.moshimo.com/af/c/click?a_id=1343268&amp;p_id=170&amp;pc_id=185&amp;pl_id=4062&amp;url=https%3A%2F%2Fwww.amazon.co.jp%2Fdp%2FB00LO88NSI"" rel=""nofollow""><img src=""https://images-fe.ssl-images-amazon.com/images/I/51Zdpm4H0tL.jpg"" alt="""" style=""border: none;"" /></a><img src=""//i.moshimo.com/af/i/impression?a_id=1343268&amp;p_id=170&amp;pc_id=185&amp;pl_id=4062"" alt="""" width=""1"" height=""1"" style=""border: 0px;"" />",https://www.meiji.co.jp/sports/savas/products/
プロテイン,SAVAS,ザバス アミノパワープロテイン,日本,レモン,1760,公式HP,11,16,0.03,0.4,3.6,"<a href=""//af.moshimo.com/af/c/click?a_id=1343268&amp;p_id=170&amp;pc_id=185&amp;pl_id=4062&amp;url=https%3A%2F%2Fwww.amazon.co.jp%2Fdp%2FB079YJWLD5"" rel=""nofollow""><img src=""https://images-fe.ssl-images-amazon.com/images/I/51ejxI6H6iL.jpg"" alt="""" style=""border: none;"" /></a><img src=""//i.moshimo.com/af/i/impression?a_id=1343268&amp;p_id=170&amp;pc_id=185&amp;pl_id=4062"" alt="""" width=""1"" height=""1"" style=""border: 0px;"" />",https://www.meiji.co.jp/sports/savas/products/
プロテイン,SAVAS,ザバス アミノパワープロテイン,日本,レモン,4675,公式HP,33,16,0.03,0.4,3.6,"<a href=""//af.moshimo.com/af/c/click?a_id=1343268&amp;p_id=170&amp;pc_id=185&amp;pl_id=4062&amp;url=https%3A%2F%2Fwww.amazon.co.jp%2Fdp%2FB079YJ2318"" rel=""nofollow""><img src=""https://images-fe.ssl-images-amazon.com/images/I/61kiW5unb4L.jpg"" alt="""" style=""border: none;"" /></a><img src=""//i.moshimo.com/af/i/impression?a_id=1343268&amp;p_id=170&amp;pc_id=185&amp;pl_id=4062"" alt="""" width=""1"" height=""1"" style=""border: 0px;"" />",https://www.meiji.co.jp/sports/savas/products/
プロテイン,SAVAS,ザバス アミノパワープロテイン,日本,パイナップル,1760,公式HP,11,16,0.03,0.4,3.6,"<a href=""//af.moshimo.com/af/c/click?a_id=1343268&amp;p_id=170&amp;pc_id=185&amp;pl_id=4062&amp;url=https%3A%2F%2Fwww.amazon.co.jp%2Fdp%2FB079Y7RJMZ"" rel=""nofollow""><img src=""https://images-fe.ssl-images-amazon.com/images/I/51GdYAUeiuL.jpg"" alt="""" style=""border: none;"" /></a><img src=""//i.moshimo.com/af/i/impression?a_id=1343268&amp;p_id=170&amp;pc_id=185&amp;pl_id=4062"" alt="""" width=""1"" height=""1"" style=""border: 0px;"" />",https://www.meiji.co.jp/sports/savas/products/
プロテイン,SAVAS,ザバス アミノパワープロテイン,日本,パイナップル,4675,公式HP,33,16,0.03,0.4,3.6,"<a href=""//af.moshimo.com/af/c/click?a_id=1343268&amp;p_id=170&amp;pc_id=185&amp;pl_id=4062&amp;url=https%3A%2F%2Fwww.amazon.co.jp%2Fdp%2FB079YFL5TM"" rel=""nofollow""><img src=""https://images-fe.ssl-images-amazon.com/images/I/61djap9HMvL.jpg"" alt="""" style=""border: none;"" /></a><img src=""//i.moshimo.com/af/i/impression?a_id=1343268&amp;p_id=170&amp;pc_id=185&amp;pl_id=4062"" alt="""" width=""1"" height=""1"" style=""border: 0px;"" />",https://www.meiji.co.jp/sports/savas/products/
プロテイン,SAVAS,ザバス アミノパワープロテイン,日本,カフェオレ,1760,公式HP,11,16,0.06,0.4,3.6,"<a href=""//af.moshimo.com/af/c/click?a_id=1343268&amp;p_id=170&amp;pc_id=185&amp;pl_id=4062&amp;url=https%3A%2F%2Fwww.amazon.co.jp%2Fdp%2FB079YBGQ6C"" rel=""nofollow""><img src=""https://images-fe.ssl-images-amazon.com/images/I/51mrSdj8ceL.jpg"" alt="""" style=""border: none;"" /></a><img src=""//i.moshimo.com/af/i/impression?a_id=1343268&amp;p_id=170&amp;pc_id=185&amp;pl_id=4062"" alt="""" width=""1"" height=""1"" style=""border: 0px;"" />",https://www.meiji.co.jp/sports/savas/products/
プロテイン,SAVAS,ザバス アミノパワープロテイン,日本,カフェオレ,4675,公式HP,33,16,0.06,0.4,3.6,"<a href=""//af.moshimo.com/af/c/click?a_id=1343268&amp;p_id=170&amp;pc_id=185&amp;pl_id=4062&amp;url=https%3A%2F%2Fwww.amazon.co.jp%2Fdp%2FB079YJ93VZ"" rel=""nofollow""><img src=""https://images-fe.ssl-images-amazon.com/images/I/61q8uEf+FzL.jpg"" alt="""" style=""border: none;"" /></a><img src=""//i.moshimo.com/af/i/impression?a_id=1343268&amp;p_id=170&amp;pc_id=185&amp;pl_id=4062"" alt="""" width=""1"" height=""1"" style=""border: 0px;"" />",https://www.meiji.co.jp/sports/savas/products/
プロテイン,SAVAS,（ザバス） MILK PROTEIN脂肪0,日本,すっきりフルーティー,171,公式HP,1,99,0,10,15,"<a href=""//af.moshimo.com/af/c/click?a_id=1343268&amp;p_id=170&amp;pc_id=185&amp;pl_id=4062&amp;url=https%3A%2F%2Fwww.amazon.co.jp%2Fdp%2FB0183BCAZA"" rel=""nofollow""><img src=""https://images-fe.ssl-images-amazon.com/images/I/41vTRKq1wwL._SL500_.jpg"" alt="""" style=""border: none;"" /></a><img src=""//i.moshimo.com/af/i/impression?a_id=1343268&amp;p_id=170&amp;pc_id=185&amp;pl_id=4062"" alt="""" width=""1"" height=""1"" style=""border: 0px;"" />",https://www.meiji.co.jp/sports/savas/products/
プロテイン,SAVAS,（ザバス） MILK PROTEIN脂肪0,日本,ヨーグルト,171,公式HP,1,99,0,10,15,"<a href=""//af.moshimo.com/af/c/click?a_id=1343268&amp;p_id=170&amp;pc_id=185&amp;pl_id=4062&amp;url=https%3A%2F%2Fwww.amazon.co.jp%2Fdp%2FB07Q4VKZR2"" rel=""nofollow""><img src=""https://images-fe.ssl-images-amazon.com/images/I/31s5uGBQZSL._SL500_.jpg"" alt="""" style=""border: none;"" /></a><img src=""//i.moshimo.com/af/i/impression?a_id=1343268&amp;p_id=170&amp;pc_id=185&amp;pl_id=4062"" alt="""" width=""1"" height=""1"" style=""border: 0px;"" />",https://www.meiji.co.jp/sports/savas/products/
プロテイン,SAVAS,（ザバス） MILK PROTEIN脂肪0,日本,ココア,171,公式HP,1,118,0,14.4,15,"<a href=""//af.moshimo.com/af/c/click?a_id=1343268&amp;p_id=170&amp;pc_id=185&amp;pl_id=4062&amp;url=https%3A%2F%2Fwww.amazon.co.jp%2Fdp%2FB07MMBR9ZP"" rel=""nofollow""><img src=""https://images-fe.ssl-images-amazon.com/images/I/31olPE9gcjL._SL500_.jpg"" alt="""" style=""border: none;"" /></a><img src=""//i.moshimo.com/af/i/impression?a_id=1343268&amp;p_id=170&amp;pc_id=185&amp;pl_id=4062"" alt="""" width=""1"" height=""1"" style=""border: 0px;"" />",https://www.meiji.co.jp/sports/savas/products/
プロテイン,SAVAS,（ザバス） MILK PROTEIN脂肪0,日本,ココア,156,公式HP,1,102,0,10.6,15,"<a href=""//af.moshimo.com/af/c/click?a_id=1343268&amp;p_id=170&amp;pc_id=185&amp;pl_id=4062&amp;url=https%3A%2F%2Fwww.amazon.co.jp%2Fdp%2FB081DZMLYL"" rel=""nofollow""><img src=""https://images-fe.ssl-images-amazon.com/images/I/41LpQAxDZCL.jpg"" alt="""" style=""border: none;"" /></a><img src=""//i.moshimo.com/af/i/impression?a_id=1343268&amp;p_id=170&amp;pc_id=185&amp;pl_id=4062"" alt="""" width=""1"" height=""1"" style=""border: 0px;"" />",https://www.meiji.co.jp/sports/savas/products/
プロテイン,SAVAS,（ザバス） MILK PROTEIN脂肪0,日本,バニラ,156,公式HP,1,102,0,10.4,15,"<a href=""//af.moshimo.com/af/c/click?a_id=1343268&amp;p_id=170&amp;pc_id=185&amp;pl_id=4062&amp;url=https%3A%2F%2Fwww.amazon.co.jp%2Fdp%2FB081DZTHWF"" rel=""nofollow""><img src=""https://images-fe.ssl-images-amazon.com/images/I/41sg7p1mPaL.jpg"" alt="""" style=""border: none;"" /></a><img src=""//i.moshimo.com/af/i/impression?a_id=1343268&amp;p_id=170&amp;pc_id=185&amp;pl_id=4062"" alt="""" width=""1"" height=""1"" style=""border: 0px;"" />",https://www.meiji.co.jp/sports/savas/products/
プロテイン,SAVAS,（ザバス） MILK PROTEIN脂肪0,日本,バナナ,156,公式HP,1,102,0,10.6,15,"<a href=""//af.moshimo.com/af/c/click?a_id=1343268&amp;p_id=170&amp;pc_id=185&amp;pl_id=4062&amp;url=https%3A%2F%2Fwww.amazon.co.jp%2Fdp%2FB081DZCKPV"" rel=""nofollow""><img src=""https://images-fe.ssl-images-amazon.com/images/I/41qJyuzZIIL.jpg"" alt="""" style=""border: none;"" /></a><img src=""//i.moshimo.com/af/i/impression?a_id=1343268&amp;p_id=170&amp;pc_id=185&amp;pl_id=4062"" alt="""" width=""1"" height=""1"" style=""border: 0px;"" />",https://www.meiji.co.jp/sports/savas/products/
プロテイン,SAVAS,（ザバス） for Woman MILK PROTEIN脂肪0,日本,ストロベリー,156,公式HP,1,77,0,6.7,12.5,"<a href=""//af.moshimo.com/af/c/click?a_id=1343268&amp;p_id=170&amp;pc_id=185&amp;pl_id=4062&amp;url=https%3A%2F%2Fwww.amazon.co.jp%2Fdp%2FB085QMC3NR"" rel=""nofollow""><img src=""https://images-fe.ssl-images-amazon.com/images/I/41ukXHZ+4jL.jpg"" alt="""" style=""border: none;"" /></a><img src=""//i.moshimo.com/af/i/impression?a_id=1343268&amp;p_id=170&amp;pc_id=185&amp;pl_id=4062"" alt="""" width=""1"" height=""1"" style=""border: 0px;"" />",https://www.meiji.co.jp/sports/savas/products/
プロテイン,SAVAS,ザバス ソイプロテイン100,日本,ココア,2475,公式HP,15,79,1,2.6,15,"<a href=""//af.moshimo.com/af/c/click?a_id=1343268&amp;p_id=170&amp;pc_id=185&amp;pl_id=4062&amp;url=https%3A%2F%2Fwww.amazon.co.jp%2Fdp%2FB00IEA4OUK"" rel=""nofollow""><img src=""https://images-fe.ssl-images-amazon.com/images/I/51YQ+hzosHL.jpg"" alt="""" style=""border: none;"" /></a><img src=""//i.moshimo.com/af/i/impression?a_id=1343268&amp;p_id=170&amp;pc_id=185&amp;pl_id=4062"" alt="""" width=""1"" height=""1"" style=""border: 0px;"" />",https://www.meiji.co.jp/sports/savas/products/
プロテイン,SAVAS,ザバス ソイプロテイン100,日本,ココア,5500,公式HP,50,79,1,2.6,15,"<a href=""//af.moshimo.com/af/c/click?a_id=1343268&amp;p_id=170&amp;pc_id=185&amp;pl_id=4062&amp;url=https%3A%2F%2Fwww.amazon.co.jp%2Fdp%2FB00IEA4OV4"" rel=""nofollow""><img src=""https://images-fe.ssl-images-amazon.com/images/I/51WayBZKJTL.jpg"" alt="""" style=""border: none;"" /></a><img src=""//i.moshimo.com/af/i/impression?a_id=1343268&amp;p_id=170&amp;pc_id=185&amp;pl_id=4062"" alt="""" width=""1"" height=""1"" style=""border: 0px;"" />",https://www.meiji.co.jp/sports/savas/products/
プロテイン,SAVAS,ザバス ソイプロテイン100,日本,ココア,11550,公式HP,120,79,1,2.6,15,"<a href=""//af.moshimo.com/af/c/click?a_id=1343268&amp;p_id=170&amp;pc_id=185&amp;pl_id=4062&amp;url=https%3A%2F%2Fwww.amazon.co.jp%2Fdp%2FB00I95NJPG"" rel=""nofollow""><img src=""https://images-fe.ssl-images-amazon.com/images/I/51ruXsxZTkL.jpg"" alt="""" style=""border: none;"" /></a><img src=""//i.moshimo.com/af/i/impression?a_id=1343268&amp;p_id=170&amp;pc_id=185&amp;pl_id=4062"" alt="""" width=""1"" height=""1"" style=""border: 0px;"" />",https://www.meiji.co.jp/sports/savas/products/
プロテイン,SAVAS,ザバス ソイプロテイン100,日本,ミルクティー,2475,公式HP,15,80,0.9,3,15,"<a href=""//af.moshimo.com/af/c/click?a_id=1343268&amp;p_id=170&amp;pc_id=185&amp;pl_id=4062&amp;url=https%3A%2F%2Fwww.amazon.co.jp%2Fdp%2FB07GR3YC76"" rel=""nofollow""><img src=""https://images-fe.ssl-images-amazon.com/images/I/414K+F4NbDL.jpg"" alt="""" style=""border: none;"" /></a><img src=""//i.moshimo.com/af/i/impression?a_id=1343268&amp;p_id=170&amp;pc_id=185&amp;pl_id=4062"" alt="""" width=""1"" height=""1"" style=""border: 0px;"" />",https://www.meiji.co.jp/sports/savas/products/
プロテイン,SAVAS,ザバス ソイプロテイン100,日本,ミルクティー,5500,公式HP,50,80,0.9,3,15,"<a href=""//af.moshimo.com/af/c/click?a_id=1343268&amp;p_id=170&amp;pc_id=185&amp;pl_id=4062&amp;url=https%3A%2F%2Fwww.amazon.co.jp%2Fdp%2FB07GRCCB2K"" rel=""nofollow""><img src=""https://images-fe.ssl-images-amazon.com/images/I/519uhxKvKcL.jpg"" alt="""" style=""border: none;"" /></a><img src=""//i.moshimo.com/af/i/impression?a_id=1343268&amp;p_id=170&amp;pc_id=185&amp;pl_id=4062"" alt="""" width=""1"" height=""1"" style=""border: 0px;"" />",https://www.meiji.co.jp/sports/savas/products/
プロテイン,SAVAS,ザバス シェイプ&ビューティ,日本,ミルクティー,1320,公式HP,15,51,0.3,4.8,7.2,"<a href=""//af.moshimo.com/af/c/click?a_id=1343268&amp;p_id=170&amp;pc_id=185&amp;pl_id=4062&amp;url=https%3A%2F%2Fwww.amazon.co.jp%2Fdp%2FB00IEA57U6"" rel=""nofollow""><img src=""https://images-fe.ssl-images-amazon.com/images/I/510lFtY3PRL.jpg"" alt="""" style=""border: none;"" /></a><img src=""//i.moshimo.com/af/i/impression?a_id=1343268&amp;p_id=170&amp;pc_id=185&amp;pl_id=4062"" alt="""" width=""1"" height=""1"" style=""border: 0px;"" />",https://www.meiji.co.jp/sports/savas/products/
プロテイン,SAVAS,ザバス シェイプ&ビューティ,日本,ミルクティー,4125,公式HP,50,51,0.3,4.8,7.2,"<a href=""//af.moshimo.com/af/c/click?a_id=1343268&amp;p_id=170&amp;pc_id=185&amp;pl_id=4062&amp;url=https%3A%2F%2Fwww.amazon.co.jp%2Fdp%2FB079YH5DRR"" rel=""nofollow""><img src=""https://images-fe.ssl-images-amazon.com/images/I/51N5t71ctVL.jpg"" alt="""" style=""border: none;"" /></a><img src=""//i.moshimo.com/af/i/impression?a_id=1343268&amp;p_id=170&amp;pc_id=185&amp;pl_id=4062"" alt="""" width=""1"" height=""1"" style=""border: 0px;"" />",https://www.meiji.co.jp/sports/savas/products/
プロテイン,SAVAS,（ザバス） for Woman MILK PROTEIN脂肪0 +SOY,日本,ミルクティー,156,公式HP,1,75,0,6.3,12.5,"<a href=""//af.moshimo.com/af/c/click?a_id=1343268&amp;p_id=170&amp;pc_id=185&amp;pl_id=4062&amp;url=https%3A%2F%2Fwww.amazon.co.jp%2Fdp%2FB085QMPD7G"" rel=""nofollow""><img src=""https://images-fe.ssl-images-amazon.com/images/I/41wq8WLp4IL.jpg"" alt="""" style=""border: none;"" /></a><img src=""//i.moshimo.com/af/i/impression?a_id=1343268&amp;p_id=170&amp;pc_id=185&amp;pl_id=4062"" alt="""" width=""1"" height=""1"" style=""border: 0px;"" />",https://www.meiji.co.jp/sports/savas/products/
