プロテイン,Grong,ホエイプロテイン100,日本,抹茶,5780,公式ＨＰ,100,118,2.1,2.4,22.3,"<a href=""//af.moshimo.com/af/c/click?a_id=1343268&amp;p_id=170&amp;pc_id=185&amp;pl_id=4062&amp;url=https%3A%2F%2Fwww.amazon.co.jp%2Fdp%2FB0851W4342"" rel=""nofollow""><img src=""https://images-fe.ssl-images-amazon.com/images/I/51k0KKydzTL.jpg"" alt="""" style=""border: none;"" /></a><img src=""//i.moshimo.com/af/i/impression?a_id=1343268&amp;p_id=170&amp;pc_id=185&amp;pl_id=4062"" alt="""" width=""1"" height=""1"" style=""border: 0px;"" />",https://grong.jp/products/whey-protein-matcha-3kg/
プロテイン,Grong,ホエイプロテイン100,日本,抹茶,2480,公式ＨＰ,33,118,2.1,2.4,22.3,"<a href=""//af.moshimo.com/af/c/click?a_id=1343268&amp;p_id=170&amp;pc_id=185&amp;pl_id=4062&amp;url=https%3A%2F%2Fwww.amazon.co.jp%2Fdp%2FB07ZWKFJ92"" rel=""nofollow""><img src=""https://images-fe.ssl-images-amazon.com/images/I/51cxEcg1HXL.jpg"" alt="""" style=""border: none;"" /></a><img src=""//i.moshimo.com/af/i/impression?a_id=1343268&amp;p_id=170&amp;pc_id=185&amp;pl_id=4062"" alt="""" width=""1"" height=""1"" style=""border: 0px;"" />",https://grong.jp/products/whey-protein-matcha-1kg/
プロテイン,Grong,ホエイプロテイン100,日本,バニラ,5780,公式ＨＰ,100,118,2.1,2.4,22.4,"<a href=""//af.moshimo.com/af/c/click?a_id=1343268&amp;p_id=170&amp;pc_id=185&amp;pl_id=4062&amp;url=https%3A%2F%2Fwww.amazon.co.jp%2Fdp%2FB086RGZ3HV"" rel=""nofollow""><img src=""https://images-fe.ssl-images-amazon.com/images/I/51leICMYIFL.jpg"" alt="""" style=""border: none;"" /></a><img src=""//i.moshimo.com/af/i/impression?a_id=1343268&amp;p_id=170&amp;pc_id=185&amp;pl_id=4062"" alt="""" width=""1"" height=""1"" style=""border: 0px;"" />",https://grong.jp/products/whey-protein-vanilla-3kg/
プロテイン,Grong,ホエイプロテイン100,日本,バニラ,2480,公式ＨＰ,33,118,2.1,2.4,22.4,"<a href=""//af.moshimo.com/af/c/click?a_id=1343268&amp;p_id=170&amp;pc_id=185&amp;pl_id=4062&amp;url=https%3A%2F%2Fwww.amazon.co.jp%2Fdp%2FB0832HGWJP"" rel=""nofollow""><img src=""https://images-fe.ssl-images-amazon.com/images/I/51JY7RibMuL.jpg"" alt="""" style=""border: none;"" /></a><img src=""//i.moshimo.com/af/i/impression?a_id=1343268&amp;p_id=170&amp;pc_id=185&amp;pl_id=4062"" alt="""" width=""1"" height=""1"" style=""border: 0px;"" />",https://grong.jp/products/whey-protein-vanilla-1kg/
プロテイン,Grong,ホエイプロテイン100,日本,バナナ,5780,公式ＨＰ,100,118,2.1,2.5,22.3,"<a href=""//af.moshimo.com/af/c/click?a_id=1343268&amp;p_id=170&amp;pc_id=185&amp;pl_id=4062&amp;url=https%3A%2F%2Fwww.amazon.co.jp%2Fdp%2FB085ZZVJD4"" rel=""nofollow""><img src=""https://images-fe.ssl-images-amazon.com/images/I/51v4S9T8KZL.jpg"" alt="""" style=""border: none;"" /></a><img src=""//i.moshimo.com/af/i/impression?a_id=1343268&amp;p_id=170&amp;pc_id=185&amp;pl_id=4062"" alt="""" width=""1"" height=""1"" style=""border: 0px;"" />",https://grong.jp/products/whey-protein-banana-3kg/
プロテイン,Grong,ホエイプロテイン100,日本,バナナ,2480,公式ＨＰ,33,118,2.1,2.5,22.3,"<a href=""//af.moshimo.com/af/c/click?a_id=1343268&amp;p_id=170&amp;pc_id=185&amp;pl_id=4062&amp;url=https%3A%2F%2Fwww.amazon.co.jp%2Fdp%2FB07TMYPM3B"" rel=""nofollow""><img src=""https://images-fe.ssl-images-amazon.com/images/I/51ckHr-x1kL.jpg"" alt="""" style=""border: none;"" /></a><img src=""//i.moshimo.com/af/i/impression?a_id=1343268&amp;p_id=170&amp;pc_id=185&amp;pl_id=4062"" alt="""" width=""1"" height=""1"" style=""border: 0px;"" />",https://grong.jp/products/whey-protein-banana-1kg/
プロテイン,Grong,ホエイプロテイン100,日本,ナチュラル,5480,公式ＨＰ,100,119,2.1,2.2,22.6,"<a href=""//af.moshimo.com/af/c/click?a_id=1343268&amp;p_id=170&amp;pc_id=185&amp;pl_id=4062&amp;url=https%3A%2F%2Fwww.amazon.co.jp%2Fdp%2FB0851VD5KY"" rel=""nofollow""><img src=""https://images-fe.ssl-images-amazon.com/images/I/516HnUe73lL.jpg"" alt="""" style=""border: none;"" /></a><img src=""//i.moshimo.com/af/i/impression?a_id=1343268&amp;p_id=170&amp;pc_id=185&amp;pl_id=4062"" alt="""" width=""1"" height=""1"" style=""border: 0px;"" />",https://grong.jp/products/whey-protein-natural-3kg/
プロテイン,Grong,ホエイプロテイン100,日本,ナチュラル,2180,公式ＨＰ,33,119,2.1,2.2,22.6,"<a href=""//af.moshimo.com/af/c/click?a_id=1343268&amp;p_id=170&amp;pc_id=185&amp;pl_id=4062&amp;url=https%3A%2F%2Fwww.amazon.co.jp%2Fdp%2FB07N8H8WRB"" rel=""nofollow""><img src=""https://images-fe.ssl-images-amazon.com/images/I/51deUDekDnL.jpg"" alt="""" style=""border: none;"" /></a><img src=""//i.moshimo.com/af/i/impression?a_id=1343268&amp;p_id=170&amp;pc_id=185&amp;pl_id=4062"" alt="""" width=""1"" height=""1"" style=""border: 0px;"" />",https://grong.jp/products/whey-protein-natural-1kg/
プロテイン,Grong,ホエイプロテイン100,日本,ストロベリー,5780,公式ＨＰ,100,118,2.1,2.5,22.3,"<a href=""//af.moshimo.com/af/c/click?a_id=1343268&amp;p_id=170&amp;pc_id=185&amp;pl_id=4062&amp;url=https%3A%2F%2Fwww.amazon.co.jp%2Fdp%2FB085ZG2X77"" rel=""nofollow""><img src=""https://images-fe.ssl-images-amazon.com/images/I/51sA4F4+GBL.jpg"" alt="""" style=""border: none;"" /></a><img src=""//i.moshimo.com/af/i/impression?a_id=1343268&amp;p_id=170&amp;pc_id=185&amp;pl_id=4062"" alt="""" width=""1"" height=""1"" style=""border: 0px;"" />",https://grong.jp/products/whey-protein-strawberry-3kg/
プロテイン,Grong,ホエイプロテイン100,日本,ストロベリー,2480,公式ＨＰ,33,118,2.1,2.5,22.3,"<a href=""//af.moshimo.com/af/c/click?a_id=1343268&amp;p_id=170&amp;pc_id=185&amp;pl_id=4062&amp;url=https%3A%2F%2Fwww.amazon.co.jp%2Fdp%2FB07TKVNK4W"" rel=""nofollow""><img src=""https://images-fe.ssl-images-amazon.com/images/I/51xlApDMjTL.jpg"" alt="""" style=""border: none;"" /></a><img src=""//i.moshimo.com/af/i/impression?a_id=1343268&amp;p_id=170&amp;pc_id=185&amp;pl_id=4062"" alt="""" width=""1"" height=""1"" style=""border: 0px;"" />",https://grong.jp/products/whey-protein-strawberry-1kg/
プロテイン,Grong,ホエイプロテイン100,日本,ココア,5780,公式ＨＰ,100,118,2.2,2.9,21.8,"<a href=""//af.moshimo.com/af/c/click?a_id=1343268&amp;p_id=170&amp;pc_id=185&amp;pl_id=4062&amp;url=https%3A%2F%2Fwww.amazon.co.jp%2Fdp%2FB0851VRY7L"" rel=""nofollow""><img src=""https://images-fe.ssl-images-amazon.com/images/I/51a4cHG-NoL.jpg"" alt="""" style=""border: none;"" /></a><img src=""//i.moshimo.com/af/i/impression?a_id=1343268&amp;p_id=170&amp;pc_id=185&amp;pl_id=4062"" alt="""" width=""1"" height=""1"" style=""border: 0px;"" />",https://grong.jp/products/whey-protein-cocoa-3kg/
プロテイン,Grong,ホエイプロテイン100,日本,ココア,2480,公式ＨＰ,33,118,2.2,2.9,21.8,"<a href=""//af.moshimo.com/af/c/click?a_id=1343268&amp;p_id=170&amp;pc_id=185&amp;pl_id=4062&amp;url=https%3A%2F%2Fwww.amazon.co.jp%2Fdp%2FB084MCDYF6"" rel=""nofollow""><img src=""https://images-fe.ssl-images-amazon.com/images/I/51Fr-kvP6+L.jpg"" alt="""" style=""border: none;"" /></a><img src=""//i.moshimo.com/af/i/impression?a_id=1343268&amp;p_id=170&amp;pc_id=185&amp;pl_id=4062"" alt="""" width=""1"" height=""1"" style=""border: 0px;"" />",https://grong.jp/products/whey-protein-cocoa-1kg/
アミノ酸,Grong,EAA,日本,ヨーグルト,8980,公式ＨＰ,100,39,0.12,1.4,8.31,"<a href=""//af.moshimo.com/af/c/click?a_id=1343268&amp;p_id=170&amp;pc_id=185&amp;pl_id=4062&amp;url=https%3A%2F%2Fwww.amazon.co.jp%2Fdp%2FB0833JJQ56"" rel=""nofollow""><img src=""https://images-fe.ssl-images-amazon.com/images/I/51MxDT5h82L.jpg"" alt="""" style=""border: none;"" /></a><img src=""//i.moshimo.com/af/i/impression?a_id=1343268&amp;p_id=170&amp;pc_id=185&amp;pl_id=4062"" alt="""" width=""1"" height=""1"" style=""border: 0px;"" />",https://grong.jp/products/eaa-yogurt-1kg/
アミノ酸,Grong,EAA,日本,マンゴー,8980,公式ＨＰ,100,39,0.12,1.4,8.29,"<a href=""//af.moshimo.com/af/c/click?a_id=1343268&amp;p_id=170&amp;pc_id=185&amp;pl_id=4062&amp;url=https%3A%2F%2Fwww.amazon.co.jp%2Fdp%2FB0825H9JL1"" rel=""nofollow""><img src=""https://images-fe.ssl-images-amazon.com/images/I/51yjcE6sDlL.jpg"" alt="""" style=""border: none;"" /></a><img src=""//i.moshimo.com/af/i/impression?a_id=1343268&amp;p_id=170&amp;pc_id=185&amp;pl_id=4062"" alt="""" width=""1"" height=""1"" style=""border: 0px;"" />",https://grong.jp/products/eaa-mango-1kg/
アミノ酸,Grong,EAA,日本,オレンジ,8980,公式ＨＰ,100,38,0.05,1.6,8.22,"<a href=""//af.moshimo.com/af/c/click?a_id=1343268&amp;p_id=170&amp;pc_id=185&amp;pl_id=4062&amp;url=https%3A%2F%2Fwww.amazon.co.jp%2Fdp%2FB0825G37WB"" rel=""nofollow""><img src=""https://images-fe.ssl-images-amazon.com/images/I/51J1Usy3sCL.jpg"" alt="""" style=""border: none;"" /></a><img src=""//i.moshimo.com/af/i/impression?a_id=1343268&amp;p_id=170&amp;pc_id=185&amp;pl_id=4062"" alt="""" width=""1"" height=""1"" style=""border: 0px;"" />",https://grong.jp/products/eaa-orange-1kg/
アミノ酸,Grong,EAA,日本,グレープフルーツ,8980,公式ＨＰ,100,38,0.05,1.7,8.13,"<a href=""//af.moshimo.com/af/c/click?a_id=1343268&amp;p_id=170&amp;pc_id=185&amp;pl_id=4062&amp;url=https%3A%2F%2Fwww.amazon.co.jp%2Fdp%2FB0825H4BGG"" rel=""nofollow""><img src=""https://images-fe.ssl-images-amazon.com/images/I/51JLdHebOjL.jpg"" alt="""" style=""border: none;"" /></a><img src=""//i.moshimo.com/af/i/impression?a_id=1343268&amp;p_id=170&amp;pc_id=185&amp;pl_id=4062"" alt="""" width=""1"" height=""1"" style=""border: 0px;"" />",https://grong.jp/products/eaa-grapefruit-1kg/
アミノ酸,Grong,EAA,日本,グレープ,8980,公式ＨＰ,100,39,0.1,1.5,8.29,"<a href=""//af.moshimo.com/af/c/click?a_id=1343268&amp;p_id=170&amp;pc_id=185&amp;pl_id=4062&amp;url=https%3A%2F%2Fwww.amazon.co.jp%2Fdp%2FB0825HDW8F"" rel=""nofollow""><img src=""https://images-fe.ssl-images-amazon.com/images/I/517Q4R1f64L.jpg"" alt="""" style=""border: none;"" /></a><img src=""//i.moshimo.com/af/i/impression?a_id=1343268&amp;p_id=170&amp;pc_id=185&amp;pl_id=4062"" alt="""" width=""1"" height=""1"" style=""border: 0px;"" />",https://grong.jp/products/eaa-grape-1kg/
アミノ酸,Grong,EAA,日本,レモン,8980,公式ＨＰ,100,39,0.12,1.5,8.19,"<a href=""//af.moshimo.com/af/c/click?a_id=1343268&amp;p_id=170&amp;pc_id=185&amp;pl_id=4062&amp;url=https%3A%2F%2Fwww.amazon.co.jp%2Fdp%2FB07VZZ5GNK"" rel=""nofollow""><img src=""https://images-fe.ssl-images-amazon.com/images/I/51lr8Qsv6eL.jpg"" alt="""" style=""border: none;"" /></a><img src=""//i.moshimo.com/af/i/impression?a_id=1343268&amp;p_id=170&amp;pc_id=185&amp;pl_id=4062"" alt="""" width=""1"" height=""1"" style=""border: 0px;"" />",https://grong.jp/products/eaa-lemon-1kg/
アミノ酸,Grong,EAA,日本,グリーンアップル,8980,公式ＨＰ,100,39,0.12,1.4,8.29,"<a href=""//af.moshimo.com/af/c/click?a_id=1343268&amp;p_id=170&amp;pc_id=185&amp;pl_id=4062&amp;url=https%3A%2F%2Fwww.amazon.co.jp%2Fdp%2FB07VYW82F5"" rel=""nofollow""><img src=""https://images-fe.ssl-images-amazon.com/images/I/51lcPea6B0L.jpg"" alt="""" style=""border: none;"" /></a><img src=""//i.moshimo.com/af/i/impression?a_id=1343268&amp;p_id=170&amp;pc_id=185&amp;pl_id=4062"" alt="""" width=""1"" height=""1"" style=""border: 0px;"" />",https://grong.jp/products/eaa-green-apple-1kg/
アミノ酸,Grong,BCAA,日本,ヨーグルト,4980,公式ＨＰ,100,38,0.08,1.2,8.5,"<a href=""//af.moshimo.com/af/c/click?a_id=1343268&amp;p_id=170&amp;pc_id=185&amp;pl_id=4062&amp;url=https%3A%2F%2Fwww.amazon.co.jp%2Fdp%2FB07WVG2NBD"" rel=""nofollow""><img src=""https://images-fe.ssl-images-amazon.com/images/I/514LhFoF-1L.jpg"" alt="""" style=""border: none;"" /></a><img src=""//i.moshimo.com/af/i/impression?a_id=1343268&amp;p_id=170&amp;pc_id=185&amp;pl_id=4062"" alt="""" width=""1"" height=""1"" style=""border: 0px;"" />",https://grong.jp/products/bcaa-yogurt-1kg/
アミノ酸,Grong,BCAA,日本,マンゴー,4980,公式ＨＰ,100,38,0.08,1.2,8.48,"<a href=""//af.moshimo.com/af/c/click?a_id=1343268&amp;p_id=170&amp;pc_id=185&amp;pl_id=4062&amp;url=https%3A%2F%2Fwww.amazon.co.jp%2Fdp%2FB07WXNH7KL"" rel=""nofollow""><img src=""https://images-fe.ssl-images-amazon.com/images/I/51g7tM2NlyL.jpg"" alt="""" style=""border: none;"" /></a><img src=""//i.moshimo.com/af/i/impression?a_id=1343268&amp;p_id=170&amp;pc_id=185&amp;pl_id=4062"" alt="""" width=""1"" height=""1"" style=""border: 0px;"" />",https://grong.jp/products/bcaa-mango-1kg/
アミノ酸,Grong,BCAA,日本,オレンジ,4980,公式ＨＰ,100,38,0.04,1.4,8.28,"<a href=""//af.moshimo.com/af/c/click?a_id=1343268&amp;p_id=170&amp;pc_id=185&amp;pl_id=4062&amp;url=https%3A%2F%2Fwww.amazon.co.jp%2Fdp%2FB0825G51W7"" rel=""nofollow""><img src=""https://images-fe.ssl-images-amazon.com/images/I/51lteZGOUUL.jpg"" alt="""" style=""border: none;"" /></a><img src=""//i.moshimo.com/af/i/impression?a_id=1343268&amp;p_id=170&amp;pc_id=185&amp;pl_id=4062"" alt="""" width=""1"" height=""1"" style=""border: 0px;"" />",https://grong.jp/products/bcaa-orange-1kg/
アミノ酸,Grong,BCAA,日本,グレープフルーツ,4980,公式ＨＰ,100,38,0.04,1.3,8.39,"<a href=""//af.moshimo.com/af/c/click?a_id=1343268&amp;p_id=170&amp;pc_id=185&amp;pl_id=4062&amp;url=https%3A%2F%2Fwww.amazon.co.jp%2Fdp%2FB0825H48F9"" rel=""nofollow""><img src=""https://images-fe.ssl-images-amazon.com/images/I/51tkbGyxtVL.jpg"" alt="""" style=""border: none;"" /></a><img src=""//i.moshimo.com/af/i/impression?a_id=1343268&amp;p_id=170&amp;pc_id=185&amp;pl_id=4062"" alt="""" width=""1"" height=""1"" style=""border: 0px;"" />",https://grong.jp/products/bcaa-grapefruit-1kg/
アミノ酸,Grong,BCAA,日本,グレープ,4980,公式ＨＰ,100,38,0.07,1.2,8.48,"<a href=""//af.moshimo.com/af/c/click?a_id=1343268&amp;p_id=170&amp;pc_id=185&amp;pl_id=4062&amp;url=https%3A%2F%2Fwww.amazon.co.jp%2Fdp%2FB0825FRS7J"" rel=""nofollow""><img src=""https://images-fe.ssl-images-amazon.com/images/I/516-Qjfdq7L.jpg"" alt="""" style=""border: none;"" /></a><img src=""//i.moshimo.com/af/i/impression?a_id=1343268&amp;p_id=170&amp;pc_id=185&amp;pl_id=4062"" alt="""" width=""1"" height=""1"" style=""border: 0px;"" />",https://grong.jp/products/bcaa-grape-1kg/
アミノ酸,Grong,BCAA,日本,レモン,4980,公式ＨＰ,100,38,0.08,1.4,8.28,"<a href=""//af.moshimo.com/af/c/click?a_id=1343268&amp;p_id=170&amp;pc_id=185&amp;pl_id=4062&amp;url=https%3A%2F%2Fwww.amazon.co.jp%2Fdp%2FB07VJ254FP"" rel=""nofollow""><img src=""https://images-fe.ssl-images-amazon.com/images/I/51omrC7ar2L.jpg"" alt="""" style=""border: none;"" /></a><img src=""//i.moshimo.com/af/i/impression?a_id=1343268&amp;p_id=170&amp;pc_id=185&amp;pl_id=4062"" alt="""" width=""1"" height=""1"" style=""border: 0px;"" />",https://grong.jp/products/bcaa-lemon-1kg/
アミノ酸,Grong,BCAA,日本,グリーンアップル,4980,公式ＨＰ,100,38,0.08,1.2,8.48,"<a href=""//af.moshimo.com/af/c/click?a_id=1343268&amp;p_id=170&amp;pc_id=185&amp;pl_id=4062&amp;url=https%3A%2F%2Fwww.amazon.co.jp%2Fdp%2FB07VH32S99"" rel=""nofollow""><img src=""https://images-fe.ssl-images-amazon.com/images/I/51-mY-045TL.jpg"" alt="""" style=""border: none;"" /></a><img src=""//i.moshimo.com/af/i/impression?a_id=1343268&amp;p_id=170&amp;pc_id=185&amp;pl_id=4062"" alt="""" width=""1"" height=""1"" style=""border: 0px;"" />",https://grong.jp/products/bcaa-green-apple-1kg/
アミノ酸,Grong,BCAA,日本,ノンフレーバー,4980,公式ＨＰ,100,39,0,0,9.8,"<a href=""//af.moshimo.com/af/c/click?a_id=1343268&amp;p_id=170&amp;pc_id=185&amp;pl_id=4062&amp;url=https%3A%2F%2Fwww.amazon.co.jp%2Fdp%2FB084TD5472"" rel=""nofollow""><img src=""https://images-fe.ssl-images-amazon.com/images/I/51pdCKesmCL.jpg"" alt="""" style=""border: none;"" /></a><img src=""//i.moshimo.com/af/i/impression?a_id=1343268&amp;p_id=170&amp;pc_id=185&amp;pl_id=4062"" alt="""" width=""1"" height=""1"" style=""border: 0px;"" />",https://grong.jp/products/bcaa-non-flavor-1kg/
アミノ酸,Grong,クレアチン モノハイドレート,日本,,2380,公式ＨＰ,200,18,0,0,4.5,"<a href=""//af.moshimo.com/af/c/click?a_id=1343268&amp;p_id=170&amp;pc_id=185&amp;pl_id=4062&amp;url=https%3A%2F%2Fwww.amazon.co.jp%2Fdp%2FB086GGFNQ2"" rel=""nofollow""><img src=""https://images-fe.ssl-images-amazon.com/images/I/51Z6IflUHbL.jpg"" alt="""" style=""border: none;"" /></a><img src=""//i.moshimo.com/af/i/impression?a_id=1343268&amp;p_id=170&amp;pc_id=185&amp;pl_id=4062"" alt="""" width=""1"" height=""1"" style=""border: 0px;"" />",https://grong.jp/products/creatine-monohydrate-1kg/
