プロテイン,MYPROTEIN,Impact ホエイ プロテイン,海外,Chestnut Chocolate,3990,公式ＨＰ,40,103,1.9,1,21,"<span class=""a8ad 3moO5WH-g7-s7AJUAe""></span><script type=""text/javascript"" src=""//statics.a8.net/ad/ad.js""></script><script type=""text/javascript"">a8adscript('body').showAd({""req"": {""mat"":""35O4IG+69NB1U+45DI+BWGDT"",""alt"":""商品リンク"",""id"":""3moO5WH-g7-s7AJUAe""},""goods"": {""ejp"":""h""+""ttps://www.myprotein.jp/sports-nutrition/impact-whey-protein/10530943.html"",""imu"":""h""+""ttps://s1.thcdn.com//productimg/1600/1600/12229328-5284739315190435.jpg""}});</script>",https://www.myprotein.jp/
プロテイン,MYPROTEIN,Impact ホエイ プロテイン,海外,Chestnut Chocolate,6890,公式ＨＰ,100,103,1.9,1,21,"<span class=""a8ad 3moO5WH-g7-s7AJUAe""></span><script type=""text/javascript"" src=""//statics.a8.net/ad/ad.js""></script><script type=""text/javascript"">a8adscript('body').showAd({""req"": {""mat"":""35O4IG+69NB1U+45DI+BWGDT"",""alt"":""商品リンク"",""id"":""3moO5WH-g7-s7AJUAe""},""goods"": {""ejp"":""h""+""ttps://www.myprotein.jp/sports-nutrition/impact-whey-protein/10530943.html"",""imu"":""h""+""ttps://s1.thcdn.com//productimg/1600/1600/12229328-5284739315190435.jpg""}});</script>",https://www.myprotein.jp/
プロテイン,MYPROTEIN,Impact ホエイ プロテイン,海外,Dark Chocolate,3990,公式ＨＰ,40,103,1.9,1,21,"<span class=""a8ad 3moO5WH-g7-s7AKbvK""></span><script type=""text/javascript"" src=""//statics.a8.net/ad/ad.js""></script><script type=""text/javascript"">a8adscript('body').showAd({""req"": {""mat"":""35O4IG+69NB1U+45DI+BWGDT"",""alt"":""商品リンク"",""id"":""3moO5WH-g7-s7AKbvK""},""goods"": {""ejp"":""h""+""ttps://www.myprotein.jp/sports-nutrition/impact-whey-protein/10530943.html"",""imu"":""h""+""ttps://s1.thcdn.com//productimg/1600/1600/10530943-1504726884876366.jpg""}});</script>",https://www.myprotein.jp/
プロテイン,MYPROTEIN,Impact ホエイ プロテイン,海外,Dark Chocolate,2090,公式ＨＰ,20,103,1.9,1,21,"<span class=""a8ad 3moO5WH-g7-s7AKbvK""></span><script type=""text/javascript"" src=""//statics.a8.net/ad/ad.js""></script><script type=""text/javascript"">a8adscript('body').showAd({""req"": {""mat"":""35O4IG+69NB1U+45DI+BWGDT"",""alt"":""商品リンク"",""id"":""3moO5WH-g7-s7AKbvK""},""goods"": {""ejp"":""h""+""ttps://www.myprotein.jp/sports-nutrition/impact-whey-protein/10530943.html"",""imu"":""h""+""ttps://s1.thcdn.com//productimg/1600/1600/10530943-1504726884876366.jpg""}});</script>",https://www.myprotein.jp/
プロテイン,MYPROTEIN,Impact ホエイ プロテイン,海外,Dark Chocolate & Salted Caramel,3990,公式ＨＰ,40,103,1.9,1,21,"<span class=""a8ad 3moO5WH-g7-s7AKGBP""></span><script type=""text/javascript"" src=""//statics.a8.net/ad/ad.js""></script><script type=""text/javascript"">a8adscript('body').showAd({""req"": {""mat"":""35O4IG+69NB1U+45DI+BWGDT"",""alt"":""商品リンク"",""id"":""3moO5WH-g7-s7AKGBP""},""goods"": {""ejp"":""h""+""ttps://www.myprotein.jp/sports-nutrition/impact-whey-protein/10530943.html"",""imu"":""h""+""ttps://s1.thcdn.com//productimg/1600/1600/10530943-1504726884876366.jpg""}});</script>",https://www.myprotein.jp/
プロテイン,MYPROTEIN,Impact ホエイ プロテイン,海外,Dark Chocolate & Salted Caramel,2090,公式ＨＰ,20,103,1.9,1,21,"<span class=""a8ad 3moO5WH-g7-s7AKGBP""></span><script type=""text/javascript"" src=""//statics.a8.net/ad/ad.js""></script><script type=""text/javascript"">a8adscript('body').showAd({""req"": {""mat"":""35O4IG+69NB1U+45DI+BWGDT"",""alt"":""商品リンク"",""id"":""3moO5WH-g7-s7AKGBP""},""goods"": {""ejp"":""h""+""ttps://www.myprotein.jp/sports-nutrition/impact-whey-protein/10530943.html"",""imu"":""h""+""ttps://s1.thcdn.com//productimg/1600/1600/10530943-1504726884876366.jpg""}});</script>",https://www.myprotein.jp/
プロテイン,MYPROTEIN,Impact ホエイ プロテイン,海外,Hojicha Latte,3990,公式ＨＰ,40,103,1.9,1,21,"<span class=""a8ad 3moO5WH-g7-s7AKV1u""></span><script type=""text/javascript"" src=""//statics.a8.net/ad/ad.js""></script><script type=""text/javascript"">a8adscript('body').showAd({""req"": {""mat"":""35O4IG+69NB1U+45DI+BWGDT"",""alt"":""商品リンク"",""id"":""3moO5WH-g7-s7AKV1u""},""goods"": {""ejp"":""h""+""ttps://www.myprotein.jp/sports-nutrition/impact-whey-protein/10530943.html"",""imu"":""h""+""ttps://s1.thcdn.com//productimg/1600/1600/12002879-1874714962186141.jpg""}});</script>",https://www.myprotein.jp/
プロテイン,MYPROTEIN,Impact ホエイ プロテイン,海外,Iced Latte,3990,公式ＨＰ,40,103,1.9,1,21,"<span class=""a8ad 3moO5WH-g7-s7BsDNz""></span><script type=""text/javascript"" src=""//statics.a8.net/ad/ad.js""></script><script type=""text/javascript"">a8adscript('body').showAd({""req"": {""mat"":""35O4IG+69NB1U+45DI+BWGDT"",""alt"":""商品リンク"",""id"":""3moO5WH-g7-s7BsDNz""},""goods"": {""ejp"":""h""+""ttps://www.myprotein.jp/sports-nutrition/impact-whey-protein/10530943.html"",""imu"":""h""+""ttps://s1.thcdn.com//productimg/1600/1600/12273889-4524764240737643.jpg""}});</script>",https://www.myprotein.jp/
プロテイン,MYPROTEIN,Impact ホエイ プロテイン,海外,Iced Latte,6890,公式ＨＰ,100,103,1.9,1,21,"<span class=""a8ad 3moO5WH-g7-s7BsDNz""></span><script type=""text/javascript"" src=""//statics.a8.net/ad/ad.js""></script><script type=""text/javascript"">a8adscript('body').showAd({""req"": {""mat"":""35O4IG+69NB1U+45DI+BWGDT"",""alt"":""商品リンク"",""id"":""3moO5WH-g7-s7BsDNz""},""goods"": {""ejp"":""h""+""ttps://www.myprotein.jp/sports-nutrition/impact-whey-protein/10530943.html"",""imu"":""h""+""ttps://s1.thcdn.com//productimg/1600/1600/12273889-4524764240737643.jpg""}});</script>",https://www.myprotein.jp/
プロテイン,MYPROTEIN,Impact ホエイ プロテイン,海外,Iced Latte,12690,公式ＨＰ,200,103,1.9,1,21,"<span class=""a8ad 3moO5WH-g7-s7BsDNz""></span><script type=""text/javascript"" src=""//statics.a8.net/ad/ad.js""></script><script type=""text/javascript"">a8adscript('body').showAd({""req"": {""mat"":""35O4IG+69NB1U+45DI+BWGDT"",""alt"":""商品リンク"",""id"":""3moO5WH-g7-s7BsDNz""},""goods"": {""ejp"":""h""+""ttps://www.myprotein.jp/sports-nutrition/impact-whey-protein/10530943.html"",""imu"":""h""+""ttps://s1.thcdn.com//productimg/1600/1600/12273889-4524764240737643.jpg""}});</script>",https://www.myprotein.jp/
プロテイン,MYPROTEIN,Impact ホエイ プロテイン,海外,Iced Latte,1290,公式ＨＰ,10,103,1.9,1,21,"<span class=""a8ad 3moO5WH-g7-s7BsDNz""></span><script type=""text/javascript"" src=""//statics.a8.net/ad/ad.js""></script><script type=""text/javascript"">a8adscript('body').showAd({""req"": {""mat"":""35O4IG+69NB1U+45DI+BWGDT"",""alt"":""商品リンク"",""id"":""3moO5WH-g7-s7BsDNz""},""goods"": {""ejp"":""h""+""ttps://www.myprotein.jp/sports-nutrition/impact-whey-protein/10530943.html"",""imu"":""h""+""ttps://s1.thcdn.com//productimg/1600/1600/12273889-4524764240737643.jpg""}});</script>",https://www.myprotein.jp/
プロテイン,MYPROTEIN,Impact ホエイ プロテイン,海外,Matcha Latte,3990,公式ＨＰ,40,103,1.9,1,21,"<span class=""a8ad 3moO5WH-g7-s7Btfut""></span><script type=""text/javascript"" src=""//statics.a8.net/ad/ad.js""></script><script type=""text/javascript"">a8adscript('body').showAd({""req"": {""mat"":""35O4IG+69NB1U+45DI+BWGDT"",""alt"":""商品リンク"",""id"":""3moO5WH-g7-s7Btfut""},""goods"": {""ejp"":""h""+""ttps://www.myprotein.jp/sports-nutrition/impact-whey-protein/10530943.html"",""imu"":""h""+""ttps://s1.thcdn.com//productimg/1600/1600/12182615-3664767829264029.jpg""}});</script>",https://www.myprotein.jp/
プロテイン,MYPROTEIN,Impact ホエイ プロテイン,海外,Matcha Latte,6890,公式ＨＰ,100,103,1.9,1,21,"<span class=""a8ad 3moO5WH-g7-s7Btfut""></span><script type=""text/javascript"" src=""//statics.a8.net/ad/ad.js""></script><script type=""text/javascript"">a8adscript('body').showAd({""req"": {""mat"":""35O4IG+69NB1U+45DI+BWGDT"",""alt"":""商品リンク"",""id"":""3moO5WH-g7-s7Btfut""},""goods"": {""ejp"":""h""+""ttps://www.myprotein.jp/sports-nutrition/impact-whey-protein/10530943.html"",""imu"":""h""+""ttps://s1.thcdn.com//productimg/1600/1600/12182615-3664767829264029.jpg""}});</script>",https://www.myprotein.jp/
プロテイン,MYPROTEIN,Impact ホエイ プロテイン,海外,Matcha Latte,12690,公式ＨＰ,200,103,1.9,1,21,"<span class=""a8ad 3moO5WH-g7-s7Btfut""></span><script type=""text/javascript"" src=""//statics.a8.net/ad/ad.js""></script><script type=""text/javascript"">a8adscript('body').showAd({""req"": {""mat"":""35O4IG+69NB1U+45DI+BWGDT"",""alt"":""商品リンク"",""id"":""3moO5WH-g7-s7Btfut""},""goods"": {""ejp"":""h""+""ttps://www.myprotein.jp/sports-nutrition/impact-whey-protein/10530943.html"",""imu"":""h""+""ttps://s1.thcdn.com//productimg/1600/1600/12182615-3664767829264029.jpg""}});</script>",https://www.myprotein.jp/
プロテイン,MYPROTEIN,Impact ホエイ プロテイン,海外,Matcha Latte,1290,公式ＨＰ,10,103,1.9,1,21,"<span class=""a8ad 3moO5WH-g7-s7Btfut""></span><script type=""text/javascript"" src=""//statics.a8.net/ad/ad.js""></script><script type=""text/javascript"">a8adscript('body').showAd({""req"": {""mat"":""35O4IG+69NB1U+45DI+BWGDT"",""alt"":""商品リンク"",""id"":""3moO5WH-g7-s7Btfut""},""goods"": {""ejp"":""h""+""ttps://www.myprotein.jp/sports-nutrition/impact-whey-protein/10530943.html"",""imu"":""h""+""ttps://s1.thcdn.com//productimg/1600/1600/12182615-3664767829264029.jpg""}});</script>",https://www.myprotein.jp/
プロテイン,MYPROTEIN,Impact ホエイ プロテイン,海外,Stevia - Banana,3990,公式ＨＰ,40,103,1.9,1,21,"<span class=""a8ad 3moO5WH-g7-s7BtCZv""></span><script type=""text/javascript"" src=""//statics.a8.net/ad/ad.js""></script><script type=""text/javascript"">a8adscript('body').showAd({""req"": {""mat"":""35O4IG+69NB1U+45DI+BWGDT"",""alt"":""商品リンク"",""id"":""3moO5WH-g7-s7BtCZv""},""goods"": {""ejp"":""h""+""ttps://www.myprotein.jp/sports-nutrition/impact-whey-protein/10530943.html"",""imu"":""h""+""ttps://s1.thcdn.com//productimg/1600/1600/10530943-1504726884876366.jpg""}});</script>",https://www.myprotein.jp/
プロテイン,MYPROTEIN,Impact ホエイ プロテイン,海外,Stevia - Banana,6890,公式ＨＰ,100,103,1.9,1,21,"<span class=""a8ad 3moO5WH-g7-s7BtCZv""></span><script type=""text/javascript"" src=""//statics.a8.net/ad/ad.js""></script><script type=""text/javascript"">a8adscript('body').showAd({""req"": {""mat"":""35O4IG+69NB1U+45DI+BWGDT"",""alt"":""商品リンク"",""id"":""3moO5WH-g7-s7BtCZv""},""goods"": {""ejp"":""h""+""ttps://www.myprotein.jp/sports-nutrition/impact-whey-protein/10530943.html"",""imu"":""h""+""ttps://s1.thcdn.com//productimg/1600/1600/10530943-1504726884876366.jpg""}});</script>",https://www.myprotein.jp/
プロテイン,MYPROTEIN,Impact ホエイ プロテイン,海外,Stevia - Banana,12690,公式ＨＰ,200,103,1.9,1,21,"<span class=""a8ad 3moO5WH-g7-s7BtCZv""></span><script type=""text/javascript"" src=""//statics.a8.net/ad/ad.js""></script><script type=""text/javascript"">a8adscript('body').showAd({""req"": {""mat"":""35O4IG+69NB1U+45DI+BWGDT"",""alt"":""商品リンク"",""id"":""3moO5WH-g7-s7BtCZv""},""goods"": {""ejp"":""h""+""ttps://www.myprotein.jp/sports-nutrition/impact-whey-protein/10530943.html"",""imu"":""h""+""ttps://s1.thcdn.com//productimg/1600/1600/10530943-1504726884876366.jpg""}});</script>",https://www.myprotein.jp/
プロテイン,MYPROTEIN,Impact ホエイ プロテイン,海外,Stevia - Chocolate,3990,公式ＨＰ,40,103,1.9,1,21,"<span class=""a8ad 3moO5WH-g7-s7BtSER""></span><script type=""text/javascript"" src=""//statics.a8.net/ad/ad.js""></script><script type=""text/javascript"">a8adscript('body').showAd({""req"": {""mat"":""35O4IG+69NB1U+45DI+BWGDT"",""alt"":""商品リンク"",""id"":""3moO5WH-g7-s7BtSER""},""goods"": {""ejp"":""h""+""ttps://www.myprotein.jp/sports-nutrition/impact-whey-protein/10530943.html"",""imu"":""h""+""ttps://s1.thcdn.com//productimg/1600/1600/10530943-1504726884876366.jpg""}});</script>",https://www.myprotein.jp/
プロテイン,MYPROTEIN,Impact ホエイ プロテイン,海外,Stevia - Chocolate,6890,公式ＨＰ,100,103,1.9,1,21,"<span class=""a8ad 3moO5WH-g7-s7BtSER""></span><script type=""text/javascript"" src=""//statics.a8.net/ad/ad.js""></script><script type=""text/javascript"">a8adscript('body').showAd({""req"": {""mat"":""35O4IG+69NB1U+45DI+BWGDT"",""alt"":""商品リンク"",""id"":""3moO5WH-g7-s7BtSER""},""goods"": {""ejp"":""h""+""ttps://www.myprotein.jp/sports-nutrition/impact-whey-protein/10530943.html"",""imu"":""h""+""ttps://s1.thcdn.com//productimg/1600/1600/10530943-1504726884876366.jpg""}});</script>",https://www.myprotein.jp/
プロテイン,MYPROTEIN,Impact ホエイ プロテイン,海外,Stevia - Chocolate,12690,公式ＨＰ,200,103,1.9,1,21,"<span class=""a8ad 3moO5WH-g7-s7BtSER""></span><script type=""text/javascript"" src=""//statics.a8.net/ad/ad.js""></script><script type=""text/javascript"">a8adscript('body').showAd({""req"": {""mat"":""35O4IG+69NB1U+45DI+BWGDT"",""alt"":""商品リンク"",""id"":""3moO5WH-g7-s7BtSER""},""goods"": {""ejp"":""h""+""ttps://www.myprotein.jp/sports-nutrition/impact-whey-protein/10530943.html"",""imu"":""h""+""ttps://s1.thcdn.com//productimg/1600/1600/10530943-1504726884876366.jpg""}});</script>",https://www.myprotein.jp/
プロテイン,MYPROTEIN,Impact ホエイ プロテイン,海外,Stevia - Strawberry,3990,公式ＨＰ,40,103,1.9,1,21,"<span class=""a8ad 3moO5WH-g7-s7Bu3W5""></span><script type=""text/javascript"" src=""//statics.a8.net/ad/ad.js""></script><script type=""text/javascript"">a8adscript('body').showAd({""req"": {""mat"":""35O4IG+69NB1U+45DI+BWGDT"",""alt"":""商品リンク"",""id"":""3moO5WH-g7-s7Bu3W5""},""goods"": {""ejp"":""h""+""ttps://www.myprotein.jp/sports-nutrition/impact-whey-protein/10530943.html"",""imu"":""h""+""ttps://s1.thcdn.com//productimg/1600/1600/10530943-1504726884876366.jpg""}});</script>",https://www.myprotein.jp/
プロテイン,MYPROTEIN,Impact ホエイ プロテイン,海外,Stevia - Strawberry,6890,公式ＨＰ,100,103,1.9,1,21,"<span class=""a8ad 3moO5WH-g7-s7Bu3W5""></span><script type=""text/javascript"" src=""//statics.a8.net/ad/ad.js""></script><script type=""text/javascript"">a8adscript('body').showAd({""req"": {""mat"":""35O4IG+69NB1U+45DI+BWGDT"",""alt"":""商品リンク"",""id"":""3moO5WH-g7-s7Bu3W5""},""goods"": {""ejp"":""h""+""ttps://www.myprotein.jp/sports-nutrition/impact-whey-protein/10530943.html"",""imu"":""h""+""ttps://s1.thcdn.com//productimg/1600/1600/10530943-1504726884876366.jpg""}});</script>",https://www.myprotein.jp/
プロテイン,MYPROTEIN,Impact ホエイ プロテイン,海外,Stevia - Strawberry,12690,公式ＨＰ,200,103,1.9,1,21,"<span class=""a8ad 3moO5WH-g7-s7Bu3W5""></span><script type=""text/javascript"" src=""//statics.a8.net/ad/ad.js""></script><script type=""text/javascript"">a8adscript('body').showAd({""req"": {""mat"":""35O4IG+69NB1U+45DI+BWGDT"",""alt"":""商品リンク"",""id"":""3moO5WH-g7-s7Bu3W5""},""goods"": {""ejp"":""h""+""ttps://www.myprotein.jp/sports-nutrition/impact-whey-protein/10530943.html"",""imu"":""h""+""ttps://s1.thcdn.com//productimg/1600/1600/10530943-1504726884876366.jpg""}});</script>",https://www.myprotein.jp/
プロテイン,MYPROTEIN,Impact ホエイ プロテイン,海外,あずき,12690,公式ＨＰ,200,103,1.9,1,21,"<span class=""a8ad 3moO5WH-g7-s7BukPd""></span><script type=""text/javascript"" src=""//statics.a8.net/ad/ad.js""></script><script type=""text/javascript"">a8adscript('body').showAd({""req"": {""mat"":""35O4IG+69NB1U+45DI+BWGDT"",""alt"":""商品リンク"",""id"":""3moO5WH-g7-s7BukPd""},""goods"": {""ejp"":""h""+""ttps://www.myprotein.jp/sports-nutrition/impact-whey-protein/10530943.html"",""imu"":""h""+""ttps://s1.thcdn.com/productimg/1600/1600/11521349-6504704650245155.jpg""}});</script>",https://www.myprotein.jp/
プロテイン,MYPROTEIN,Impact ホエイ プロテイン,海外,あずき,1290,公式ＨＰ,10,103,1.9,1,21,"<span class=""a8ad 3moO5WH-g7-s7BukPd""></span><script type=""text/javascript"" src=""//statics.a8.net/ad/ad.js""></script><script type=""text/javascript"">a8adscript('body').showAd({""req"": {""mat"":""35O4IG+69NB1U+45DI+BWGDT"",""alt"":""商品リンク"",""id"":""3moO5WH-g7-s7BukPd""},""goods"": {""ejp"":""h""+""ttps://www.myprotein.jp/sports-nutrition/impact-whey-protein/10530943.html"",""imu"":""h""+""ttps://s1.thcdn.com/productimg/1600/1600/11521349-6504704650245155.jpg""}});</script>",https://www.myprotein.jp/
プロテイン,MYPROTEIN,Impact ホエイ プロテイン,海外,アップルクランブルとカスタード,3990,公式ＨＰ,40,103,1.9,1,21,"<span class=""a8ad 3moO5WH-g7-s7BvTzT""></span><script type=""text/javascript"" src=""//statics.a8.net/ad/ad.js""></script><script type=""text/javascript"">a8adscript('body').showAd({""req"": {""mat"":""35O4IG+69NB1U+45DI+BWGDT"",""alt"":""商品リンク"",""id"":""3moO5WH-g7-s7BvTzT""},""goods"": {""ejp"":""h""+""ttps://www.myprotein.jp/sports-nutrition/impact-whey-protein/10530943.html"",""imu"":""h""+""ttps://s1.thcdn.com//productimg/1600/1600/10530943-1504726884876366.jpg""}});</script>",https://www.myprotein.jp/
プロテイン,MYPROTEIN,Impact ホエイ プロテイン,海外,アップルクランブルとカスタード,6890,公式ＨＰ,100,103,1.9,1,21,"<span class=""a8ad 3moO5WH-g7-s7BvTzT""></span><script type=""text/javascript"" src=""//statics.a8.net/ad/ad.js""></script><script type=""text/javascript"">a8adscript('body').showAd({""req"": {""mat"":""35O4IG+69NB1U+45DI+BWGDT"",""alt"":""商品リンク"",""id"":""3moO5WH-g7-s7BvTzT""},""goods"": {""ejp"":""h""+""ttps://www.myprotein.jp/sports-nutrition/impact-whey-protein/10530943.html"",""imu"":""h""+""ttps://s1.thcdn.com//productimg/1600/1600/10530943-1504726884876366.jpg""}});</script>",https://www.myprotein.jp/
プロテイン,MYPROTEIN,Impact ホエイ プロテイン,海外,クッキーとクリーム,3990,公式ＨＰ,40,103,1.9,1,21,"<span class=""a8ad 3moO5WH-g7-s7Bw61f""></span><script type=""text/javascript"" src=""//statics.a8.net/ad/ad.js""></script><script type=""text/javascript"">a8adscript('body').showAd({""req"": {""mat"":""35O4IG+69NB1U+45DI+BWGDT"",""alt"":""商品リンク"",""id"":""3moO5WH-g7-s7Bw61f""},""goods"": {""ejp"":""h""+""ttps://www.myprotein.jp/sports-nutrition/impact-whey-protein/10530943.html"",""imu"":""h""+""ttps://s1.thcdn.com//productimg/1600/1600/10530943-1504726884876366.jpg""}});</script>",https://www.myprotein.jp/
プロテイン,MYPROTEIN,Impact ホエイ プロテイン,海外,クッキーとクリーム,6890,公式ＨＰ,100,103,1.9,1,21,"<span class=""a8ad 3moO5WH-g7-s7Bw61f""></span><script type=""text/javascript"" src=""//statics.a8.net/ad/ad.js""></script><script type=""text/javascript"">a8adscript('body').showAd({""req"": {""mat"":""35O4IG+69NB1U+45DI+BWGDT"",""alt"":""商品リンク"",""id"":""3moO5WH-g7-s7Bw61f""},""goods"": {""ejp"":""h""+""ttps://www.myprotein.jp/sports-nutrition/impact-whey-protein/10530943.html"",""imu"":""h""+""ttps://s1.thcdn.com//productimg/1600/1600/10530943-1504726884876366.jpg""}});</script>",https://www.myprotein.jp/
プロテイン,MYPROTEIN,Impact ホエイ プロテイン,海外,クッキーとクリーム,12690,公式ＨＰ,200,103,1.9,1,21,"<span class=""a8ad 3moO5WH-g7-s7Bw61f""></span><script type=""text/javascript"" src=""//statics.a8.net/ad/ad.js""></script><script type=""text/javascript"">a8adscript('body').showAd({""req"": {""mat"":""35O4IG+69NB1U+45DI+BWGDT"",""alt"":""商品リンク"",""id"":""3moO5WH-g7-s7Bw61f""},""goods"": {""ejp"":""h""+""ttps://www.myprotein.jp/sports-nutrition/impact-whey-protein/10530943.html"",""imu"":""h""+""ttps://s1.thcdn.com//productimg/1600/1600/10530943-1504726884876366.jpg""}});</script>",https://www.myprotein.jp/
プロテイン,MYPROTEIN,Impact ホエイ プロテイン,海外,クッキーとクリーム,1290,公式ＨＰ,10,103,1.9,1,21,"<span class=""a8ad 3moO5WH-g7-s7Bw61f""></span><script type=""text/javascript"" src=""//statics.a8.net/ad/ad.js""></script><script type=""text/javascript"">a8adscript('body').showAd({""req"": {""mat"":""35O4IG+69NB1U+45DI+BWGDT"",""alt"":""商品リンク"",""id"":""3moO5WH-g7-s7Bw61f""},""goods"": {""ejp"":""h""+""ttps://www.myprotein.jp/sports-nutrition/impact-whey-protein/10530943.html"",""imu"":""h""+""ttps://s1.thcdn.com//productimg/1600/1600/10530943-1504726884876366.jpg""}});</script>",https://www.myprotein.jp/
プロテイン,MYPROTEIN,Impact ホエイ プロテイン,海外,コーヒーキャラメル,3990,公式ＨＰ,40,103,1.9,1,21,"<span class=""a8ad 3moO5WH-g7-s7BweMJ""></span><script type=""text/javascript"" src=""//statics.a8.net/ad/ad.js""></script><script type=""text/javascript"">a8adscript('body').showAd({""req"": {""mat"":""35O4IG+69NB1U+45DI+BWGDT"",""alt"":""商品リンク"",""id"":""3moO5WH-g7-s7BweMJ""},""goods"": {""ejp"":""h""+""ttps://www.myprotein.jp/sports-nutrition/impact-whey-protein/10530943.html"",""imu"":""h""+""ttps://s1.thcdn.com//productimg/1600/1600/10530943-1504726884876366.jpg""}});</script>",https://www.myprotein.jp/
プロテイン,MYPROTEIN,Impact ホエイ プロテイン,海外,コーヒーキャラメル,6890,公式ＨＰ,100,103,1.9,1,21,"<span class=""a8ad 3moO5WH-g7-s7BweMJ""></span><script type=""text/javascript"" src=""//statics.a8.net/ad/ad.js""></script><script type=""text/javascript"">a8adscript('body').showAd({""req"": {""mat"":""35O4IG+69NB1U+45DI+BWGDT"",""alt"":""商品リンク"",""id"":""3moO5WH-g7-s7BweMJ""},""goods"": {""ejp"":""h""+""ttps://www.myprotein.jp/sports-nutrition/impact-whey-protein/10530943.html"",""imu"":""h""+""ttps://s1.thcdn.com//productimg/1600/1600/10530943-1504726884876366.jpg""}});</script>",https://www.myprotein.jp/
プロテイン,MYPROTEIN,Impact ホエイ プロテイン,海外,コーヒーキャラメル,12690,公式ＨＰ,200,103,1.9,1,21,"<span class=""a8ad 3moO5WH-g7-s7BweMJ""></span><script type=""text/javascript"" src=""//statics.a8.net/ad/ad.js""></script><script type=""text/javascript"">a8adscript('body').showAd({""req"": {""mat"":""35O4IG+69NB1U+45DI+BWGDT"",""alt"":""商品リンク"",""id"":""3moO5WH-g7-s7BweMJ""},""goods"": {""ejp"":""h""+""ttps://www.myprotein.jp/sports-nutrition/impact-whey-protein/10530943.html"",""imu"":""h""+""ttps://s1.thcdn.com//productimg/1600/1600/10530943-1504726884876366.jpg""}});</script>",https://www.myprotein.jp/
プロテイン,MYPROTEIN,Impact ホエイ プロテイン,海外,ココナッツ,3990,公式ＨＰ,40,103,1.9,1,21,"<span class=""a8ad 3moO5WH-g7-s7Bwnef""></span><script type=""text/javascript"" src=""//statics.a8.net/ad/ad.js""></script><script type=""text/javascript"">a8adscript('body').showAd({""req"": {""mat"":""35O4IG+69NB1U+45DI+BWGDT"",""alt"":""商品リンク"",""id"":""3moO5WH-g7-s7Bwnef""},""goods"": {""ejp"":""h""+""ttps://www.myprotein.jp/sports-nutrition/impact-whey-protein/10530943.html"",""imu"":""h""+""ttps://s1.thcdn.com/productimg/1600/1600/11490827-4784672460097159.jpg""}});</script>",https://www.myprotein.jp/
プロテイン,MYPROTEIN,Impact ホエイ プロテイン,海外,ココナッツ,6890,公式ＨＰ,100,103,1.9,1,21,"<span class=""a8ad 3moO5WH-g7-s7Bwnef""></span><script type=""text/javascript"" src=""//statics.a8.net/ad/ad.js""></script><script type=""text/javascript"">a8adscript('body').showAd({""req"": {""mat"":""35O4IG+69NB1U+45DI+BWGDT"",""alt"":""商品リンク"",""id"":""3moO5WH-g7-s7Bwnef""},""goods"": {""ejp"":""h""+""ttps://www.myprotein.jp/sports-nutrition/impact-whey-protein/10530943.html"",""imu"":""h""+""ttps://s1.thcdn.com/productimg/1600/1600/11490827-4784672460097159.jpg""}});</script>",https://www.myprotein.jp/
プロテイン,MYPROTEIN,Impact ホエイ プロテイン,海外,ココナッツ,12690,公式ＨＰ,200,103,1.9,1,21,"<span class=""a8ad 3moO5WH-g7-s7Bwnef""></span><script type=""text/javascript"" src=""//statics.a8.net/ad/ad.js""></script><script type=""text/javascript"">a8adscript('body').showAd({""req"": {""mat"":""35O4IG+69NB1U+45DI+BWGDT"",""alt"":""商品リンク"",""id"":""3moO5WH-g7-s7Bwnef""},""goods"": {""ejp"":""h""+""ttps://www.myprotein.jp/sports-nutrition/impact-whey-protein/10530943.html"",""imu"":""h""+""ttps://s1.thcdn.com/productimg/1600/1600/11490827-4784672460097159.jpg""}});</script>",https://www.myprotein.jp/
プロテイン,MYPROTEIN,Impact ホエイ プロテイン,海外,ココナッツ,1290,公式ＨＰ,10,103,1.9,1,21,"<span class=""a8ad 3moO5WH-g7-s7Bwnef""></span><script type=""text/javascript"" src=""//statics.a8.net/ad/ad.js""></script><script type=""text/javascript"">a8adscript('body').showAd({""req"": {""mat"":""35O4IG+69NB1U+45DI+BWGDT"",""alt"":""商品リンク"",""id"":""3moO5WH-g7-s7Bwnef""},""goods"": {""ejp"":""h""+""ttps://www.myprotein.jp/sports-nutrition/impact-whey-protein/10530943.html"",""imu"":""h""+""ttps://s1.thcdn.com/productimg/1600/1600/11490827-4784672460097159.jpg""}});</script>",https://www.myprotein.jp/
プロテイン,MYPROTEIN,Impact ホエイ プロテイン,海外,ゴールデンシロップ,3990,公式ＨＰ,40,103,1.9,1,21,"<span class=""a8ad 3moO5WH-g7-s7BwTm4""></span><script type=""text/javascript"" src=""//statics.a8.net/ad/ad.js""></script><script type=""text/javascript"">a8adscript('body').showAd({""req"": {""mat"":""35O4IG+69NB1U+45DI+BWGDT"",""alt"":""商品リンク"",""id"":""3moO5WH-g7-s7BwTm4""},""goods"": {""ejp"":""h""+""ttps://www.myprotein.jp/sports-nutrition/impact-whey-protein/10530943.html"",""imu"":""h""+""ttps://s1.thcdn.com//productimg/1600/1600/10530943-1504726884876366.jpg""}});</script>",https://www.myprotein.jp/
プロテイン,MYPROTEIN,Impact ホエイ プロテイン,海外,ゴールデンシロップ,6890,公式ＨＰ,100,103,1.9,1,21,"<span class=""a8ad 3moO5WH-g7-s7BwTm4""></span><script type=""text/javascript"" src=""//statics.a8.net/ad/ad.js""></script><script type=""text/javascript"">a8adscript('body').showAd({""req"": {""mat"":""35O4IG+69NB1U+45DI+BWGDT"",""alt"":""商品リンク"",""id"":""3moO5WH-g7-s7BwTm4""},""goods"": {""ejp"":""h""+""ttps://www.myprotein.jp/sports-nutrition/impact-whey-protein/10530943.html"",""imu"":""h""+""ttps://s1.thcdn.com//productimg/1600/1600/10530943-1504726884876366.jpg""}});</script>",https://www.myprotein.jp/
プロテイン,MYPROTEIN,Impact ホエイ プロテイン,海外,サマーフルーツ,3990,公式ＨＰ,40,103,1.9,1,21,"<span class=""a8ad 3moO5WH-g7-s7Bx5yo""></span><script type=""text/javascript"" src=""//statics.a8.net/ad/ad.js""></script><script type=""text/javascript"">a8adscript('body').showAd({""req"": {""mat"":""35O4IG+69NB1U+45DI+BWGDT"",""alt"":""商品リンク"",""id"":""3moO5WH-g7-s7Bx5yo""},""goods"": {""ejp"":""h""+""ttps://www.myprotein.jp/sports-nutrition/impact-whey-protein/10530943.html"",""imu"":""h""+""ttps://s1.thcdn.com//productimg/1600/1600/10530943-1504726884876366.jpg""}});</script>",https://www.myprotein.jp/
プロテイン,MYPROTEIN,Impact ホエイ プロテイン,海外,サマーフルーツ,6890,公式ＨＰ,100,103,1.9,1,21,"<span class=""a8ad 3moO5WH-g7-s7Bx5yo""></span><script type=""text/javascript"" src=""//statics.a8.net/ad/ad.js""></script><script type=""text/javascript"">a8adscript('body').showAd({""req"": {""mat"":""35O4IG+69NB1U+45DI+BWGDT"",""alt"":""商品リンク"",""id"":""3moO5WH-g7-s7Bx5yo""},""goods"": {""ejp"":""h""+""ttps://www.myprotein.jp/sports-nutrition/impact-whey-protein/10530943.html"",""imu"":""h""+""ttps://s1.thcdn.com//productimg/1600/1600/10530943-1504726884876366.jpg""}});</script>",https://www.myprotein.jp/
プロテイン,MYPROTEIN,Impact ホエイ プロテイン,海外,シナモンデニッシュ,3990,公式ＨＰ,40,103,1.9,1,21,"<span class=""a8ad 3moO5WH-g7-s7BxPLf""></span><script type=""text/javascript"" src=""//statics.a8.net/ad/ad.js""></script><script type=""text/javascript"">a8adscript('body').showAd({""req"": {""mat"":""35O4IG+69NB1U+45DI+BWGDT"",""alt"":""商品リンク"",""id"":""3moO5WH-g7-s7BxPLf""},""goods"": {""ejp"":""h""+""ttps://www.myprotein.jp/sports-nutrition/impact-whey-protein/10530943.html"",""imu"":""h""+""ttps://s1.thcdn.com//productimg/1600/1600/10530943-1504726884876366.jpg""}});</script>",https://www.myprotein.jp/
プロテイン,MYPROTEIN,Impact ホエイ プロテイン,海外,シナモンデニッシュ,6890,公式ＨＰ,100,103,1.9,1,21,"<span class=""a8ad 3moO5WH-g7-s7BxPLf""></span><script type=""text/javascript"" src=""//statics.a8.net/ad/ad.js""></script><script type=""text/javascript"">a8adscript('body').showAd({""req"": {""mat"":""35O4IG+69NB1U+45DI+BWGDT"",""alt"":""商品リンク"",""id"":""3moO5WH-g7-s7BxPLf""},""goods"": {""ejp"":""h""+""ttps://www.myprotein.jp/sports-nutrition/impact-whey-protein/10530943.html"",""imu"":""h""+""ttps://s1.thcdn.com//productimg/1600/1600/10530943-1504726884876366.jpg""}});</script>",https://www.myprotein.jp/
プロテイン,MYPROTEIN,Impact ホエイ プロテイン,海外,シナモンデニッシュ,12690,公式ＨＰ,200,103,1.9,1,21,"<span class=""a8ad 3moO5WH-g7-s7BxPLf""></span><script type=""text/javascript"" src=""//statics.a8.net/ad/ad.js""></script><script type=""text/javascript"">a8adscript('body').showAd({""req"": {""mat"":""35O4IG+69NB1U+45DI+BWGDT"",""alt"":""商品リンク"",""id"":""3moO5WH-g7-s7BxPLf""},""goods"": {""ejp"":""h""+""ttps://www.myprotein.jp/sports-nutrition/impact-whey-protein/10530943.html"",""imu"":""h""+""ttps://s1.thcdn.com//productimg/1600/1600/10530943-1504726884876366.jpg""}});</script>",https://www.myprotein.jp/
プロテイン,MYPROTEIN,Impact ホエイ プロテイン,海外,スティッキートフィープディング,3990,公式ＨＰ,40,103,1.9,1,21,"<span class=""a8ad 3moO5WH-g7-s7By12u""></span><script type=""text/javascript"" src=""//statics.a8.net/ad/ad.js""></script><script type=""text/javascript"">a8adscript('body').showAd({""req"": {""mat"":""35O4IG+69NB1U+45DI+BWGDT"",""alt"":""商品リンク"",""id"":""3moO5WH-g7-s7By12u""},""goods"": {""ejp"":""h""+""ttps://www.myprotein.jp/sports-nutrition/impact-whey-protein/10530943.html"",""imu"":""h""+""ttps://s1.thcdn.com//productimg/1600/1600/10530943-1504726884876366.jpg""}});</script>",https://www.myprotein.jp/
プロテイン,MYPROTEIN,Impact ホエイ プロテイン,海外,スティッキートフィープディング,6890,公式ＨＰ,100,103,1.9,1,21,"<span class=""a8ad 3moO5WH-g7-s7By12u""></span><script type=""text/javascript"" src=""//statics.a8.net/ad/ad.js""></script><script type=""text/javascript"">a8adscript('body').showAd({""req"": {""mat"":""35O4IG+69NB1U+45DI+BWGDT"",""alt"":""商品リンク"",""id"":""3moO5WH-g7-s7By12u""},""goods"": {""ejp"":""h""+""ttps://www.myprotein.jp/sports-nutrition/impact-whey-protein/10530943.html"",""imu"":""h""+""ttps://s1.thcdn.com//productimg/1600/1600/10530943-1504726884876366.jpg""}});</script>",https://www.myprotein.jp/
プロテイン,MYPROTEIN,Impact ホエイ プロテイン,海外,ステビア - チョコミント,3990,公式ＨＰ,40,103,1.9,1,21,"<span class=""a8ad 3moO5WH-g7-s7By9QY""></span><script type=""text/javascript"" src=""//statics.a8.net/ad/ad.js""></script><script type=""text/javascript"">a8adscript('body').showAd({""req"": {""mat"":""35O4IG+69NB1U+45DI+BWGDT"",""alt"":""商品リンク"",""id"":""3moO5WH-g7-s7By9QY""},""goods"": {""ejp"":""h""+""ttps://www.myprotein.jp/sports-nutrition/impact-whey-protein/10530943.html"",""imu"":""h""+""ttps://s1.thcdn.com//productimg/1600/1600/10530943-1504726884876366.jpg""}});</script>",https://www.myprotein.jp/
プロテイン,MYPROTEIN,Impact ホエイ プロテイン,海外,ステビア - チョコミント,6890,公式ＨＰ,100,103,1.9,1,21,"<span class=""a8ad 3moO5WH-g7-s7By9QY""></span><script type=""text/javascript"" src=""//statics.a8.net/ad/ad.js""></script><script type=""text/javascript"">a8adscript('body').showAd({""req"": {""mat"":""35O4IG+69NB1U+45DI+BWGDT"",""alt"":""商品リンク"",""id"":""3moO5WH-g7-s7By9QY""},""goods"": {""ejp"":""h""+""ttps://www.myprotein.jp/sports-nutrition/impact-whey-protein/10530943.html"",""imu"":""h""+""ttps://s1.thcdn.com//productimg/1600/1600/10530943-1504726884876366.jpg""}});</script>",https://www.myprotein.jp/
プロテイン,MYPROTEIN,Impact ホエイ プロテイン,海外,ステビア - チョコミント,12690,公式ＨＰ,200,103,1.9,1,21,"<span class=""a8ad 3moO5WH-g7-s7By9QY""></span><script type=""text/javascript"" src=""//statics.a8.net/ad/ad.js""></script><script type=""text/javascript"">a8adscript('body').showAd({""req"": {""mat"":""35O4IG+69NB1U+45DI+BWGDT"",""alt"":""商品リンク"",""id"":""3moO5WH-g7-s7By9QY""},""goods"": {""ejp"":""h""+""ttps://www.myprotein.jp/sports-nutrition/impact-whey-protein/10530943.html"",""imu"":""h""+""ttps://s1.thcdn.com//productimg/1600/1600/10530943-1504726884876366.jpg""}});</script>",https://www.myprotein.jp/
プロテイン,MYPROTEIN,Impact ホエイ プロテイン,海外,ステビア - バニラ,3990,公式ＨＰ,40,103,1.9,1,21,"<span class=""a8ad 3moO5WH-g7-s7BAhJM""></span><script type=""text/javascript"" src=""//statics.a8.net/ad/ad.js""></script><script type=""text/javascript"">a8adscript('body').showAd({""req"": {""mat"":""35O4IG+69NB1U+45DI+BWGDT"",""alt"":""商品リンク"",""id"":""3moO5WH-g7-s7BAhJM""},""goods"": {""ejp"":""h""+""ttps://www.myprotein.jp/sports-nutrition/impact-whey-protein/10530943.html"",""imu"":""h""+""ttps://s1.thcdn.com//productimg/1600/1600/10530943-1504726884876366.jpg""}});</script>",https://www.myprotein.jp/
プロテイン,MYPROTEIN,Impact ホエイ プロテイン,海外,ステビア - バニラ,6890,公式ＨＰ,100,103,1.9,1,21,"<span class=""a8ad 3moO5WH-g7-s7BAhJM""></span><script type=""text/javascript"" src=""//statics.a8.net/ad/ad.js""></script><script type=""text/javascript"">a8adscript('body').showAd({""req"": {""mat"":""35O4IG+69NB1U+45DI+BWGDT"",""alt"":""商品リンク"",""id"":""3moO5WH-g7-s7BAhJM""},""goods"": {""ejp"":""h""+""ttps://www.myprotein.jp/sports-nutrition/impact-whey-protein/10530943.html"",""imu"":""h""+""ttps://s1.thcdn.com//productimg/1600/1600/10530943-1504726884876366.jpg""}});</script>",https://www.myprotein.jp/
プロテイン,MYPROTEIN,Impact ホエイ プロテイン,海外,ステビア - バニラ,12690,公式ＨＰ,200,103,1.9,1,21,"<span class=""a8ad 3moO5WH-g7-s7BAhJM""></span><script type=""text/javascript"" src=""//statics.a8.net/ad/ad.js""></script><script type=""text/javascript"">a8adscript('body').showAd({""req"": {""mat"":""35O4IG+69NB1U+45DI+BWGDT"",""alt"":""商品リンク"",""id"":""3moO5WH-g7-s7BAhJM""},""goods"": {""ejp"":""h""+""ttps://www.myprotein.jp/sports-nutrition/impact-whey-protein/10530943.html"",""imu"":""h""+""ttps://s1.thcdn.com//productimg/1600/1600/10530943-1504726884876366.jpg""}});</script>",https://www.myprotein.jp/
プロテイン,MYPROTEIN,Impact ホエイ プロテイン,海外,ステビア - ブルーベリーとラズベリー,3990,公式ＨＰ,40,103,1.9,1,21,"<span class=""a8ad 3moO5WH-g7-s7BAsA5""></span><script type=""text/javascript"" src=""//statics.a8.net/ad/ad.js""></script><script type=""text/javascript"">a8adscript('body').showAd({""req"": {""mat"":""35O4IG+69NB1U+45DI+BWGDT"",""alt"":""商品リンク"",""id"":""3moO5WH-g7-s7BAsA5""},""goods"": {""ejp"":""h""+""ttps://www.myprotein.jp/sports-nutrition/impact-whey-protein/10530943.html"",""imu"":""h""+""ttps://s1.thcdn.com//productimg/1600/1600/10530943-1504726884876366.jpg""}});</script>",https://www.myprotein.jp/
プロテイン,MYPROTEIN,Impact ホエイ プロテイン,海外,ステビア - ブルーベリーとラズベリー,6890,公式ＨＰ,100,103,1.9,1,21,"<span class=""a8ad 3moO5WH-g7-s7BAsA5""></span><script type=""text/javascript"" src=""//statics.a8.net/ad/ad.js""></script><script type=""text/javascript"">a8adscript('body').showAd({""req"": {""mat"":""35O4IG+69NB1U+45DI+BWGDT"",""alt"":""商品リンク"",""id"":""3moO5WH-g7-s7BAsA5""},""goods"": {""ejp"":""h""+""ttps://www.myprotein.jp/sports-nutrition/impact-whey-protein/10530943.html"",""imu"":""h""+""ttps://s1.thcdn.com//productimg/1600/1600/10530943-1504726884876366.jpg""}});</script>",https://www.myprotein.jp/
プロテイン,MYPROTEIN,Impact ホエイ プロテイン,海外,ステビア - ブルーベリーとラズベリー,12690,公式ＨＰ,200,103,1.9,1,21,"<span class=""a8ad 3moO5WH-g7-s7BAsA5""></span><script type=""text/javascript"" src=""//statics.a8.net/ad/ad.js""></script><script type=""text/javascript"">a8adscript('body').showAd({""req"": {""mat"":""35O4IG+69NB1U+45DI+BWGDT"",""alt"":""商品リンク"",""id"":""3moO5WH-g7-s7BAsA5""},""goods"": {""ejp"":""h""+""ttps://www.myprotein.jp/sports-nutrition/impact-whey-protein/10530943.html"",""imu"":""h""+""ttps://s1.thcdn.com//productimg/1600/1600/10530943-1504726884876366.jpg""}});</script>",https://www.myprotein.jp/
プロテイン,MYPROTEIN,Impact ホエイ プロテイン,海外,ストラッチャテッラ,3990,公式ＨＰ,40,103,1.9,1,21,"<span class=""a8ad 3moO5WH-g7-s7BABSl""></span><script type=""text/javascript"" src=""//statics.a8.net/ad/ad.js""></script><script type=""text/javascript"">a8adscript('body').showAd({""req"": {""mat"":""35O4IG+69NB1U+45DI+BWGDT"",""alt"":""商品リンク"",""id"":""3moO5WH-g7-s7BABSl""},""goods"": {""ejp"":""h""+""ttps://www.myprotein.jp/sports-nutrition/impact-whey-protein/10530943.html"",""imu"":""h""+""ttps://s1.thcdn.com//productimg/1600/1600/10530943-1504726884876366.jpg""}});</script>",https://www.myprotein.jp/
プロテイン,MYPROTEIN,Impact ホエイ プロテイン,海外,ストラッチャテッラ,6890,公式ＨＰ,100,103,1.9,1,21,"<span class=""a8ad 3moO5WH-g7-s7BABSl""></span><script type=""text/javascript"" src=""//statics.a8.net/ad/ad.js""></script><script type=""text/javascript"">a8adscript('body').showAd({""req"": {""mat"":""35O4IG+69NB1U+45DI+BWGDT"",""alt"":""商品リンク"",""id"":""3moO5WH-g7-s7BABSl""},""goods"": {""ejp"":""h""+""ttps://www.myprotein.jp/sports-nutrition/impact-whey-protein/10530943.html"",""imu"":""h""+""ttps://s1.thcdn.com//productimg/1600/1600/10530943-1504726884876366.jpg""}});</script>",https://www.myprotein.jp/
プロテイン,MYPROTEIN,Impact ホエイ プロテイン,海外,ストラッチャテッラ,12690,公式ＨＰ,200,103,1.9,1,21,"<span class=""a8ad 3moO5WH-g7-s7BABSl""></span><script type=""text/javascript"" src=""//statics.a8.net/ad/ad.js""></script><script type=""text/javascript"">a8adscript('body').showAd({""req"": {""mat"":""35O4IG+69NB1U+45DI+BWGDT"",""alt"":""商品リンク"",""id"":""3moO5WH-g7-s7BABSl""},""goods"": {""ejp"":""h""+""ttps://www.myprotein.jp/sports-nutrition/impact-whey-protein/10530943.html"",""imu"":""h""+""ttps://s1.thcdn.com//productimg/1600/1600/10530943-1504726884876366.jpg""}});</script>",https://www.myprotein.jp/
プロテイン,MYPROTEIN,Impact ホエイ プロテイン,海外,ストロベリークリーム,3990,公式ＨＰ,40,103,1.9,1,21,"<span class=""a8ad 3moO5WH-g7-s7BALkM""></span><script type=""text/javascript"" src=""//statics.a8.net/ad/ad.js""></script><script type=""text/javascript"">a8adscript('body').showAd({""req"": {""mat"":""35O4IG+69NB1U+45DI+BWGDT"",""alt"":""商品リンク"",""id"":""3moO5WH-g7-s7BALkM""},""goods"": {""ejp"":""h""+""ttps://www.myprotein.jp/sports-nutrition/impact-whey-protein/10530943.html"",""imu"":""h""+""ttps://s1.thcdn.com//productimg/1600/1600/10530943-1504726884876366.jpg""}});</script>",https://www.myprotein.jp/
プロテイン,MYPROTEIN,Impact ホエイ プロテイン,海外,ストロベリークリーム,6890,公式ＨＰ,100,103,1.9,1,21,"<span class=""a8ad 3moO5WH-g7-s7BALkM""></span><script type=""text/javascript"" src=""//statics.a8.net/ad/ad.js""></script><script type=""text/javascript"">a8adscript('body').showAd({""req"": {""mat"":""35O4IG+69NB1U+45DI+BWGDT"",""alt"":""商品リンク"",""id"":""3moO5WH-g7-s7BALkM""},""goods"": {""ejp"":""h""+""ttps://www.myprotein.jp/sports-nutrition/impact-whey-protein/10530943.html"",""imu"":""h""+""ttps://s1.thcdn.com//productimg/1600/1600/10530943-1504726884876366.jpg""}});</script>",https://www.myprotein.jp/
プロテイン,MYPROTEIN,Impact ホエイ プロテイン,海外,ストロベリークリーム,12690,公式ＨＰ,200,103,1.9,1,21,"<span class=""a8ad 3moO5WH-g7-s7BALkM""></span><script type=""text/javascript"" src=""//statics.a8.net/ad/ad.js""></script><script type=""text/javascript"">a8adscript('body').showAd({""req"": {""mat"":""35O4IG+69NB1U+45DI+BWGDT"",""alt"":""商品リンク"",""id"":""3moO5WH-g7-s7BALkM""},""goods"": {""ejp"":""h""+""ttps://www.myprotein.jp/sports-nutrition/impact-whey-protein/10530943.html"",""imu"":""h""+""ttps://s1.thcdn.com//productimg/1600/1600/10530943-1504726884876366.jpg""}});</script>",https://www.myprotein.jp/
プロテイン,MYPROTEIN,Impact ホエイ プロテイン,海外,ストロベリークリーム,1290,公式ＨＰ,10,103,1.9,1,21,"<span class=""a8ad 3moO5WH-g7-s7BALkM""></span><script type=""text/javascript"" src=""//statics.a8.net/ad/ad.js""></script><script type=""text/javascript"">a8adscript('body').showAd({""req"": {""mat"":""35O4IG+69NB1U+45DI+BWGDT"",""alt"":""商品リンク"",""id"":""3moO5WH-g7-s7BALkM""},""goods"": {""ejp"":""h""+""ttps://www.myprotein.jp/sports-nutrition/impact-whey-protein/10530943.html"",""imu"":""h""+""ttps://s1.thcdn.com//productimg/1600/1600/10530943-1504726884876366.jpg""}});</script>",https://www.myprotein.jp/
プロテイン,MYPROTEIN,Impact ホエイ プロテイン,海外,ストロベリージャム・ローリー・ポーリー,3990,公式ＨＰ,40,103,1.9,1,21,"<span class=""a8ad 3moO5WH-g7-s7BBiFc""></span><script type=""text/javascript"" src=""//statics.a8.net/ad/ad.js""></script><script type=""text/javascript"">a8adscript('body').showAd({""req"": {""mat"":""35O4IG+69NB1U+45DI+BWGDT"",""alt"":""商品リンク"",""id"":""3moO5WH-g7-s7BBiFc""},""goods"": {""ejp"":""h""+""ttps://www.myprotein.jp/sports-nutrition/impact-whey-protein/10530943.html"",""imu"":""h""+""ttps://s1.thcdn.com//productimg/1600/1600/10530943-1504726884876366.jpg""}});</script>",https://www.myprotein.jp/
プロテイン,MYPROTEIN,Impact ホエイ プロテイン,海外,ストロベリージャム・ローリー・ポーリー,6890,公式ＨＰ,100,103,1.9,1,21,"<span class=""a8ad 3moO5WH-g7-s7BBiFc""></span><script type=""text/javascript"" src=""//statics.a8.net/ad/ad.js""></script><script type=""text/javascript"">a8adscript('body').showAd({""req"": {""mat"":""35O4IG+69NB1U+45DI+BWGDT"",""alt"":""商品リンク"",""id"":""3moO5WH-g7-s7BBiFc""},""goods"": {""ejp"":""h""+""ttps://www.myprotein.jp/sports-nutrition/impact-whey-protein/10530943.html"",""imu"":""h""+""ttps://s1.thcdn.com//productimg/1600/1600/10530943-1504726884876366.jpg""}});</script>",https://www.myprotein.jp/
プロテイン,MYPROTEIN,Impact ホエイ プロテイン,海外,スペキュロス,3990,公式ＨＰ,40,103,1.9,1,21,"<span class=""a8ad 3moO5WH-g7-s7BBP2E""></span><script type=""text/javascript"" src=""//statics.a8.net/ad/ad.js""></script><script type=""text/javascript"">a8adscript('body').showAd({""req"": {""mat"":""35O4IG+69NB1U+45DI+BWGDT"",""alt"":""商品リンク"",""id"":""3moO5WH-g7-s7BBP2E""},""goods"": {""ejp"":""h""+""ttps://www.myprotein.jp/sports-nutrition/impact-whey-protein/10530943.html"",""imu"":""h""+""ttps://s1.thcdn.com//productimg/1600/1600/10530943-1504726884876366.jpg""}});</script>",https://www.myprotein.jp/
プロテイン,MYPROTEIN,Impact ホエイ プロテイン,海外,スペキュロス,1290,公式ＨＰ,10,103,1.9,1,21,"<span class=""a8ad 3moO5WH-g7-s7BBP2E""></span><script type=""text/javascript"" src=""//statics.a8.net/ad/ad.js""></script><script type=""text/javascript"">a8adscript('body').showAd({""req"": {""mat"":""35O4IG+69NB1U+45DI+BWGDT"",""alt"":""商品リンク"",""id"":""3moO5WH-g7-s7BBP2E""},""goods"": {""ejp"":""h""+""ttps://www.myprotein.jp/sports-nutrition/impact-whey-protein/10530943.html"",""imu"":""h""+""ttps://s1.thcdn.com//productimg/1600/1600/10530943-1504726884876366.jpg""}});</script>",https://www.myprotein.jp/
プロテイン,MYPROTEIN,Impact ホエイ プロテイン,海外,ソルティッドキャラメル,3990,公式ＨＰ,40,103,1.9,1,21,"<span class=""a8ad 3moO5WH-g7-s7BBXve""></span><script type=""text/javascript"" src=""//statics.a8.net/ad/ad.js""></script><script type=""text/javascript"">a8adscript('body').showAd({""req"": {""mat"":""35O4IG+69NB1U+45DI+BWGDT"",""alt"":""商品リンク"",""id"":""3moO5WH-g7-s7BBXve""},""goods"": {""ejp"":""h""+""ttps://www.myprotein.jp/sports-nutrition/impact-whey-protein/10530943.html"",""imu"":""h""+""ttps://s1.thcdn.com//productimg/1600/1600/10530943-1504726884876366.jpg""}});</script>",https://www.myprotein.jp/
プロテイン,MYPROTEIN,Impact ホエイ プロテイン,海外,ソルティッドキャラメル,6890,公式ＨＰ,100,103,1.9,1,21,"<span class=""a8ad 3moO5WH-g7-s7BBXve""></span><script type=""text/javascript"" src=""//statics.a8.net/ad/ad.js""></script><script type=""text/javascript"">a8adscript('body').showAd({""req"": {""mat"":""35O4IG+69NB1U+45DI+BWGDT"",""alt"":""商品リンク"",""id"":""3moO5WH-g7-s7BBXve""},""goods"": {""ejp"":""h""+""ttps://www.myprotein.jp/sports-nutrition/impact-whey-protein/10530943.html"",""imu"":""h""+""ttps://s1.thcdn.com//productimg/1600/1600/10530943-1504726884876366.jpg""}});</script>",https://www.myprotein.jp/
プロテイン,MYPROTEIN,Impact ホエイ プロテイン,海外,ソルティッドキャラメル,12690,公式ＨＰ,200,103,1.9,1,21,"<span class=""a8ad 3moO5WH-g7-s7BBXve""></span><script type=""text/javascript"" src=""//statics.a8.net/ad/ad.js""></script><script type=""text/javascript"">a8adscript('body').showAd({""req"": {""mat"":""35O4IG+69NB1U+45DI+BWGDT"",""alt"":""商品リンク"",""id"":""3moO5WH-g7-s7BBXve""},""goods"": {""ejp"":""h""+""ttps://www.myprotein.jp/sports-nutrition/impact-whey-protein/10530943.html"",""imu"":""h""+""ttps://s1.thcdn.com//productimg/1600/1600/10530943-1504726884876366.jpg""}});</script>",https://www.myprotein.jp/
プロテイン,MYPROTEIN,Impact ホエイ プロテイン,海外,チェリーヨーグルト,3990,公式ＨＰ,40,103,1.9,1,21,"<span class=""a8ad 3moO5WH-g7-s7BDHAI""></span><script type=""text/javascript"" src=""//statics.a8.net/ad/ad.js""></script><script type=""text/javascript"">a8adscript('body').showAd({""req"": {""mat"":""35O4IG+69NB1U+45DI+BWGDT"",""alt"":""商品リンク"",""id"":""3moO5WH-g7-s7BDHAI""},""goods"": {""ejp"":""h""+""ttps://www.myprotein.jp/sports-nutrition/impact-whey-protein/10530943.html"",""imu"":""h""+""ttps://s1.thcdn.com//productimg/1600/1600/10530943-1504726884876366.jpg""}});</script>",https://www.myprotein.jp/
プロテイン,MYPROTEIN,Impact ホエイ プロテイン,海外,チョコバナナ,3990,公式ＨＰ,40,103,1.9,1,21,"<span class=""a8ad 3moO5WH-g7-s7BDRVu""></span><script type=""text/javascript"" src=""//statics.a8.net/ad/ad.js""></script><script type=""text/javascript"">a8adscript('body').showAd({""req"": {""mat"":""35O4IG+69NB1U+45DI+BWGDT"",""alt"":""商品リンク"",""id"":""3moO5WH-g7-s7BDRVu""},""goods"": {""ejp"":""h""+""ttps://www.myprotein.jp/sports-nutrition/impact-whey-protein/10530943.html"",""imu"":""h""+""ttps://s1.thcdn.com//productimg/1600/1600/10530943-1504726884876366.jpg""}});</script>",https://www.myprotein.jp/
プロテイン,MYPROTEIN,Impact ホエイ プロテイン,海外,チョコバナナ,6890,公式ＨＰ,100,103,1.9,1,21,"<span class=""a8ad 3moO5WH-g7-s7BDRVu""></span><script type=""text/javascript"" src=""//statics.a8.net/ad/ad.js""></script><script type=""text/javascript"">a8adscript('body').showAd({""req"": {""mat"":""35O4IG+69NB1U+45DI+BWGDT"",""alt"":""商品リンク"",""id"":""3moO5WH-g7-s7BDRVu""},""goods"": {""ejp"":""h""+""ttps://www.myprotein.jp/sports-nutrition/impact-whey-protein/10530943.html"",""imu"":""h""+""ttps://s1.thcdn.com//productimg/1600/1600/10530943-1504726884876366.jpg""}});</script>",https://www.myprotein.jp/
プロテイン,MYPROTEIN,Impact ホエイ プロテイン,海外,チョコバナナ,12690,公式ＨＰ,200,103,1.9,1,21,"<span class=""a8ad 3moO5WH-g7-s7BDRVu""></span><script type=""text/javascript"" src=""//statics.a8.net/ad/ad.js""></script><script type=""text/javascript"">a8adscript('body').showAd({""req"": {""mat"":""35O4IG+69NB1U+45DI+BWGDT"",""alt"":""商品リンク"",""id"":""3moO5WH-g7-s7BDRVu""},""goods"": {""ejp"":""h""+""ttps://www.myprotein.jp/sports-nutrition/impact-whey-protein/10530943.html"",""imu"":""h""+""ttps://s1.thcdn.com//productimg/1600/1600/10530943-1504726884876366.jpg""}});</script>",https://www.myprotein.jp/
プロテイン,MYPROTEIN,Impact ホエイ プロテイン,海外,チョコミント,3990,公式ＨＰ,40,103,1.9,1,21,"<span class=""a8ad 3moO5WH-g7-s7BHHFj""></span><script type=""text/javascript"" src=""//statics.a8.net/ad/ad.js""></script><script type=""text/javascript"">a8adscript('body').showAd({""req"": {""mat"":""35O4IG+69NB1U+45DI+BWGDT"",""alt"":""商品リンク"",""id"":""3moO5WH-g7-s7BHHFj""},""goods"": {""ejp"":""h""+""ttps://www.myprotein.jp/sports-nutrition/impact-whey-protein/10530943.html"",""imu"":""h""+""ttps://s1.thcdn.com//productimg/1600/1600/10530943-1504726884876366.jpg""}});</script>",https://www.myprotein.jp/
プロテイン,MYPROTEIN,Impact ホエイ プロテイン,海外,チョコミント,6890,公式ＨＰ,100,103,1.9,1,21,"<span class=""a8ad 3moO5WH-g7-s7BHHFj""></span><script type=""text/javascript"" src=""//statics.a8.net/ad/ad.js""></script><script type=""text/javascript"">a8adscript('body').showAd({""req"": {""mat"":""35O4IG+69NB1U+45DI+BWGDT"",""alt"":""商品リンク"",""id"":""3moO5WH-g7-s7BHHFj""},""goods"": {""ejp"":""h""+""ttps://www.myprotein.jp/sports-nutrition/impact-whey-protein/10530943.html"",""imu"":""h""+""ttps://s1.thcdn.com//productimg/1600/1600/10530943-1504726884876366.jpg""}});</script>",https://www.myprotein.jp/
プロテイン,MYPROTEIN,Impact ホエイ プロテイン,海外,チョコミント,12690,公式ＨＰ,200,103,1.9,1,21,"<span class=""a8ad 3moO5WH-g7-s7BHHFj""></span><script type=""text/javascript"" src=""//statics.a8.net/ad/ad.js""></script><script type=""text/javascript"">a8adscript('body').showAd({""req"": {""mat"":""35O4IG+69NB1U+45DI+BWGDT"",""alt"":""商品リンク"",""id"":""3moO5WH-g7-s7BHHFj""},""goods"": {""ejp"":""h""+""ttps://www.myprotein.jp/sports-nutrition/impact-whey-protein/10530943.html"",""imu"":""h""+""ttps://s1.thcdn.com//productimg/1600/1600/10530943-1504726884876366.jpg""}});</script>",https://www.myprotein.jp/
プロテイン,MYPROTEIN,Impact ホエイ プロテイン,海外,チョコレートオレンジ,3990,公式ＨＰ,40,103,1.9,1,21,"<span class=""a8ad 3moO5WH-g7-s7BHPpT""></span><script type=""text/javascript"" src=""//statics.a8.net/ad/ad.js""></script><script type=""text/javascript"">a8adscript('body').showAd({""req"": {""mat"":""35O4IG+69NB1U+45DI+BWGDT"",""alt"":""商品リンク"",""id"":""3moO5WH-g7-s7BHPpT""},""goods"": {""ejp"":""h""+""ttps://www.myprotein.jp/sports-nutrition/impact-whey-protein/10530943.html"",""imu"":""h""+""ttps://s1.thcdn.com//productimg/1600/1600/10530943-1504726884876366.jpg""}});</script>",https://www.myprotein.jp/
プロテイン,MYPROTEIN,Impact ホエイ プロテイン,海外,チョコレートオレンジ,6890,公式ＨＰ,100,103,1.9,1,21,"<span class=""a8ad 3moO5WH-g7-s7BHPpT""></span><script type=""text/javascript"" src=""//statics.a8.net/ad/ad.js""></script><script type=""text/javascript"">a8adscript('body').showAd({""req"": {""mat"":""35O4IG+69NB1U+45DI+BWGDT"",""alt"":""商品リンク"",""id"":""3moO5WH-g7-s7BHPpT""},""goods"": {""ejp"":""h""+""ttps://www.myprotein.jp/sports-nutrition/impact-whey-protein/10530943.html"",""imu"":""h""+""ttps://s1.thcdn.com//productimg/1600/1600/10530943-1504726884876366.jpg""}});</script>",https://www.myprotein.jp/
プロテイン,MYPROTEIN,Impact ホエイ プロテイン,海外,チョコレートキャラメル,3990,公式ＨＰ,40,103,1.9,1,21,"<span class=""a8ad 3moO5WH-g7-s7BHXot""></span><script type=""text/javascript"" src=""//statics.a8.net/ad/ad.js""></script><script type=""text/javascript"">a8adscript('body').showAd({""req"": {""mat"":""35O4IG+69NB1U+45DI+BWGDT"",""alt"":""商品リンク"",""id"":""3moO5WH-g7-s7BHXot""},""goods"": {""ejp"":""h""+""ttps://www.myprotein.jp/sports-nutrition/impact-whey-protein/10530943.html"",""imu"":""h""+""ttps://s1.thcdn.com//productimg/1600/1600/10530943-1504726884876366.jpg""}});</script>",https://www.myprotein.jp/
プロテイン,MYPROTEIN,Impact ホエイ プロテイン,海外,チョコレートキャラメル,6890,公式ＨＰ,100,103,1.9,1,21,"<span class=""a8ad 3moO5WH-g7-s7BHXot""></span><script type=""text/javascript"" src=""//statics.a8.net/ad/ad.js""></script><script type=""text/javascript"">a8adscript('body').showAd({""req"": {""mat"":""35O4IG+69NB1U+45DI+BWGDT"",""alt"":""商品リンク"",""id"":""3moO5WH-g7-s7BHXot""},""goods"": {""ejp"":""h""+""ttps://www.myprotein.jp/sports-nutrition/impact-whey-protein/10530943.html"",""imu"":""h""+""ttps://s1.thcdn.com//productimg/1600/1600/10530943-1504726884876366.jpg""}});</script>",https://www.myprotein.jp/
プロテイン,MYPROTEIN,Impact ホエイ プロテイン,海外,チョコレートココナッツ,3990,公式ＨＰ,40,103,1.9,1,21,"<span class=""a8ad 3moO5WH-g7-s7BI9dg""></span><script type=""text/javascript"" src=""//statics.a8.net/ad/ad.js""></script><script type=""text/javascript"">a8adscript('body').showAd({""req"": {""mat"":""35O4IG+69NB1U+45DI+BWGDT"",""alt"":""商品リンク"",""id"":""3moO5WH-g7-s7BI9dg""},""goods"": {""ejp"":""h""+""ttps://www.myprotein.jp/sports-nutrition/impact-whey-protein/10530943.html"",""imu"":""h""+""ttps://s1.thcdn.com//productimg/1600/1600/10530943-1504726884876366.jpg""}});</script>",https://www.myprotein.jp/
プロテイン,MYPROTEIN,Impact ホエイ プロテイン,海外,チョコレートココナッツ,6890,公式ＨＰ,100,103,1.9,1,21,"<span class=""a8ad 3moO5WH-g7-s7BI9dg""></span><script type=""text/javascript"" src=""//statics.a8.net/ad/ad.js""></script><script type=""text/javascript"">a8adscript('body').showAd({""req"": {""mat"":""35O4IG+69NB1U+45DI+BWGDT"",""alt"":""商品リンク"",""id"":""3moO5WH-g7-s7BI9dg""},""goods"": {""ejp"":""h""+""ttps://www.myprotein.jp/sports-nutrition/impact-whey-protein/10530943.html"",""imu"":""h""+""ttps://s1.thcdn.com//productimg/1600/1600/10530943-1504726884876366.jpg""}});</script>",https://www.myprotein.jp/
プロテイン,MYPROTEIN,Impact ホエイ プロテイン,海外,チョコレートココナッツ,12690,公式ＨＰ,200,103,1.9,1,21,"<span class=""a8ad 3moO5WH-g7-s7BI9dg""></span><script type=""text/javascript"" src=""//statics.a8.net/ad/ad.js""></script><script type=""text/javascript"">a8adscript('body').showAd({""req"": {""mat"":""35O4IG+69NB1U+45DI+BWGDT"",""alt"":""商品リンク"",""id"":""3moO5WH-g7-s7BI9dg""},""goods"": {""ejp"":""h""+""ttps://www.myprotein.jp/sports-nutrition/impact-whey-protein/10530943.html"",""imu"":""h""+""ttps://s1.thcdn.com//productimg/1600/1600/10530943-1504726884876366.jpg""}});</script>",https://www.myprotein.jp/
プロテイン,MYPROTEIN,Impact ホエイ プロテイン,海外,チョコレートスムーズ,3990,公式ＨＰ,40,103,1.9,1,21,"<span class=""a8ad 3moO5WH-g7-s7BIhxw""></span><script type=""text/javascript"" src=""//statics.a8.net/ad/ad.js""></script><script type=""text/javascript"">a8adscript('body').showAd({""req"": {""mat"":""35O4IG+69NB1U+45DI+BWGDT"",""alt"":""商品リンク"",""id"":""3moO5WH-g7-s7BIhxw""},""goods"": {""ejp"":""h""+""ttps://www.myprotein.jp/sports-nutrition/impact-whey-protein/10530943.html"",""imu"":""h""+""ttps://s1.thcdn.com//productimg/1600/1600/10530943-1504726884876366.jpg""}});</script>",https://www.myprotein.jp/
プロテイン,MYPROTEIN,Impact ホエイ プロテイン,海外,チョコレートスムーズ,6890,公式ＨＰ,100,103,1.9,1,21,"<span class=""a8ad 3moO5WH-g7-s7BIhxw""></span><script type=""text/javascript"" src=""//statics.a8.net/ad/ad.js""></script><script type=""text/javascript"">a8adscript('body').showAd({""req"": {""mat"":""35O4IG+69NB1U+45DI+BWGDT"",""alt"":""商品リンク"",""id"":""3moO5WH-g7-s7BIhxw""},""goods"": {""ejp"":""h""+""ttps://www.myprotein.jp/sports-nutrition/impact-whey-protein/10530943.html"",""imu"":""h""+""ttps://s1.thcdn.com//productimg/1600/1600/10530943-1504726884876366.jpg""}});</script>",https://www.myprotein.jp/
プロテイン,MYPROTEIN,Impact ホエイ プロテイン,海外,チョコレートスムーズ,12690,公式ＨＰ,200,103,1.9,1,21,"<span class=""a8ad 3moO5WH-g7-s7BIhxw""></span><script type=""text/javascript"" src=""//statics.a8.net/ad/ad.js""></script><script type=""text/javascript"">a8adscript('body').showAd({""req"": {""mat"":""35O4IG+69NB1U+45DI+BWGDT"",""alt"":""商品リンク"",""id"":""3moO5WH-g7-s7BIhxw""},""goods"": {""ejp"":""h""+""ttps://www.myprotein.jp/sports-nutrition/impact-whey-protein/10530943.html"",""imu"":""h""+""ttps://s1.thcdn.com//productimg/1600/1600/10530943-1504726884876366.jpg""}});</script>",https://www.myprotein.jp/
プロテイン,MYPROTEIN,Impact ホエイ プロテイン,海外,チョコレートスムーズ,1290,公式ＨＰ,10,103,1.9,1,21,"<span class=""a8ad 3moO5WH-g7-s7BIhxw""></span><script type=""text/javascript"" src=""//statics.a8.net/ad/ad.js""></script><script type=""text/javascript"">a8adscript('body').showAd({""req"": {""mat"":""35O4IG+69NB1U+45DI+BWGDT"",""alt"":""商品リンク"",""id"":""3moO5WH-g7-s7BIhxw""},""goods"": {""ejp"":""h""+""ttps://www.myprotein.jp/sports-nutrition/impact-whey-protein/10530943.html"",""imu"":""h""+""ttps://s1.thcdn.com//productimg/1600/1600/10530943-1504726884876366.jpg""}});</script>",https://www.myprotein.jp/
プロテイン,MYPROTEIN,Impact ホエイ プロテイン,海外,チョコレートナッツ,3990,公式ＨＰ,40,103,1.9,1,21,"<span class=""a8ad 3moO5WH-g7-s7BJw5v""></span><script type=""text/javascript"" src=""//statics.a8.net/ad/ad.js""></script><script type=""text/javascript"">a8adscript('body').showAd({""req"": {""mat"":""35O4IG+69NB1U+45DI+BWGDT"",""alt"":""商品リンク"",""id"":""3moO5WH-g7-s7BJw5v""},""goods"": {""ejp"":""h""+""ttps://www.myprotein.jp/sports-nutrition/impact-whey-protein/10530943.html"",""imu"":""h""+""ttps://s1.thcdn.com//productimg/1600/1600/10530943-1504726884876366.jpg""}});</script>",https://www.myprotein.jp/
プロテイン,MYPROTEIN,Impact ホエイ プロテイン,海外,チョコレートナッツ,6890,公式ＨＰ,100,103,1.9,1,21,"<span class=""a8ad 3moO5WH-g7-s7BJw5v""></span><script type=""text/javascript"" src=""//statics.a8.net/ad/ad.js""></script><script type=""text/javascript"">a8adscript('body').showAd({""req"": {""mat"":""35O4IG+69NB1U+45DI+BWGDT"",""alt"":""商品リンク"",""id"":""3moO5WH-g7-s7BJw5v""},""goods"": {""ejp"":""h""+""ttps://www.myprotein.jp/sports-nutrition/impact-whey-protein/10530943.html"",""imu"":""h""+""ttps://s1.thcdn.com//productimg/1600/1600/10530943-1504726884876366.jpg""}});</script>",https://www.myprotein.jp/
プロテイン,MYPROTEIN,Impact ホエイ プロテイン,海外,チョコレートナッツ,12690,公式ＨＰ,200,103,1.9,1,21,"<span class=""a8ad 3moO5WH-g7-s7BJw5v""></span><script type=""text/javascript"" src=""//statics.a8.net/ad/ad.js""></script><script type=""text/javascript"">a8adscript('body').showAd({""req"": {""mat"":""35O4IG+69NB1U+45DI+BWGDT"",""alt"":""商品リンク"",""id"":""3moO5WH-g7-s7BJw5v""},""goods"": {""ejp"":""h""+""ttps://www.myprotein.jp/sports-nutrition/impact-whey-protein/10530943.html"",""imu"":""h""+""ttps://s1.thcdn.com//productimg/1600/1600/10530943-1504726884876366.jpg""}});</script>",https://www.myprotein.jp/
プロテイン,MYPROTEIN,Impact ホエイ プロテイン,海外,チョコレートピーナッツバター,3990,公式ＨＰ,40,103,1.9,1,21,"<span class=""a8ad 3moO5WH-g7-s7BJDVf""></span><script type=""text/javascript"" src=""//statics.a8.net/ad/ad.js""></script><script type=""text/javascript"">a8adscript('body').showAd({""req"": {""mat"":""35O4IG+69NB1U+45DI+BWGDT"",""alt"":""商品リンク"",""id"":""3moO5WH-g7-s7BJDVf""},""goods"": {""ejp"":""h""+""ttps://www.myprotein.jp/sports-nutrition/impact-whey-protein/10530943.html"",""imu"":""h""+""ttps://s1.thcdn.com//productimg/1600/1600/10530943-1504726884876366.jpg""}});</script>",https://www.myprotein.jp/
プロテイン,MYPROTEIN,Impact ホエイ プロテイン,海外,チョコレートピーナッツバター,6890,公式ＨＰ,100,103,1.9,1,21,"<span class=""a8ad 3moO5WH-g7-s7BJDVf""></span><script type=""text/javascript"" src=""//statics.a8.net/ad/ad.js""></script><script type=""text/javascript"">a8adscript('body').showAd({""req"": {""mat"":""35O4IG+69NB1U+45DI+BWGDT"",""alt"":""商品リンク"",""id"":""3moO5WH-g7-s7BJDVf""},""goods"": {""ejp"":""h""+""ttps://www.myprotein.jp/sports-nutrition/impact-whey-protein/10530943.html"",""imu"":""h""+""ttps://s1.thcdn.com//productimg/1600/1600/10530943-1504726884876366.jpg""}});</script>",https://www.myprotein.jp/
プロテイン,MYPROTEIN,Impact ホエイ プロテイン,海外,チョコレートブラウニー,3990,公式ＨＰ,40,103,1.9,1,21,"<span class=""a8ad 3moO5WH-g7-s7BJLbI""></span><script type=""text/javascript"" src=""//statics.a8.net/ad/ad.js""></script><script type=""text/javascript"">a8adscript('body').showAd({""req"": {""mat"":""35O4IG+69NB1U+45DI+BWGDT"",""alt"":""商品リンク"",""id"":""3moO5WH-g7-s7BJLbI""},""goods"": {""ejp"":""h""+""ttps://www.myprotein.jp/sports-nutrition/impact-whey-protein/10530943.html"",""imu"":""h""+""ttps://s1.thcdn.com//productimg/1600/1600/10530943-1504726884876366.jpg""}});</script>",https://www.myprotein.jp/
プロテイン,MYPROTEIN,Impact ホエイ プロテイン,海外,チョコレートブラウニー,6890,公式ＨＰ,100,103,1.9,1,21,"<span class=""a8ad 3moO5WH-g7-s7BJLbI""></span><script type=""text/javascript"" src=""//statics.a8.net/ad/ad.js""></script><script type=""text/javascript"">a8adscript('body').showAd({""req"": {""mat"":""35O4IG+69NB1U+45DI+BWGDT"",""alt"":""商品リンク"",""id"":""3moO5WH-g7-s7BJLbI""},""goods"": {""ejp"":""h""+""ttps://www.myprotein.jp/sports-nutrition/impact-whey-protein/10530943.html"",""imu"":""h""+""ttps://s1.thcdn.com//productimg/1600/1600/10530943-1504726884876366.jpg""}});</script>",https://www.myprotein.jp/
プロテイン,MYPROTEIN,Impact ホエイ プロテイン,海外,チョコレートブラウニー,12690,公式ＨＰ,200,103,1.9,1,21,"<span class=""a8ad 3moO5WH-g7-s7BJLbI""></span><script type=""text/javascript"" src=""//statics.a8.net/ad/ad.js""></script><script type=""text/javascript"">a8adscript('body').showAd({""req"": {""mat"":""35O4IG+69NB1U+45DI+BWGDT"",""alt"":""商品リンク"",""id"":""3moO5WH-g7-s7BJLbI""},""goods"": {""ejp"":""h""+""ttps://www.myprotein.jp/sports-nutrition/impact-whey-protein/10530943.html"",""imu"":""h""+""ttps://s1.thcdn.com//productimg/1600/1600/10530943-1504726884876366.jpg""}});</script>",https://www.myprotein.jp/
プロテイン,MYPROTEIN,Impact ホエイ プロテイン,海外,チョコレートブラウニー,1290,公式ＨＰ,10,103,1.9,1,21,"<span class=""a8ad 3moO5WH-g7-s7BJLbI""></span><script type=""text/javascript"" src=""//statics.a8.net/ad/ad.js""></script><script type=""text/javascript"">a8adscript('body').showAd({""req"": {""mat"":""35O4IG+69NB1U+45DI+BWGDT"",""alt"":""商品リンク"",""id"":""3moO5WH-g7-s7BJLbI""},""goods"": {""ejp"":""h""+""ttps://www.myprotein.jp/sports-nutrition/impact-whey-protein/10530943.html"",""imu"":""h""+""ttps://s1.thcdn.com//productimg/1600/1600/10530943-1504726884876366.jpg""}});</script>",https://www.myprotein.jp/
プロテイン,MYPROTEIN,Impact ホエイ プロテイン,海外,ティラミス,3990,公式ＨＰ,40,103,1.9,1,21,"<span class=""a8ad 3moO5WH-g7-s7BJUbF""></span><script type=""text/javascript"" src=""//statics.a8.net/ad/ad.js""></script><script type=""text/javascript"">a8adscript('body').showAd({""req"": {""mat"":""35O4IG+69NB1U+45DI+BWGDT"",""alt"":""商品リンク"",""id"":""3moO5WH-g7-s7BJUbF""},""goods"": {""ejp"":""h""+""ttps://www.myprotein.jp/sports-nutrition/impact-whey-protein/10530943.html"",""imu"":""h""+""ttps://s1.thcdn.com//productimg/1600/1600/10530943-1504726884876366.jpg""}});</script>",https://www.myprotein.jp/
プロテイン,MYPROTEIN,Impact ホエイ プロテイン,海外,ティラミス,6890,公式ＨＰ,100,103,1.9,1,21,"<span class=""a8ad 3moO5WH-g7-s7BJUbF""></span><script type=""text/javascript"" src=""//statics.a8.net/ad/ad.js""></script><script type=""text/javascript"">a8adscript('body').showAd({""req"": {""mat"":""35O4IG+69NB1U+45DI+BWGDT"",""alt"":""商品リンク"",""id"":""3moO5WH-g7-s7BJUbF""},""goods"": {""ejp"":""h""+""ttps://www.myprotein.jp/sports-nutrition/impact-whey-protein/10530943.html"",""imu"":""h""+""ttps://s1.thcdn.com//productimg/1600/1600/10530943-1504726884876366.jpg""}});</script>",https://www.myprotein.jp/
プロテイン,MYPROTEIN,Impact ホエイ プロテイン,海外,ティラミス,12690,公式ＨＰ,200,103,1.9,1,21,"<span class=""a8ad 3moO5WH-g7-s7BJUbF""></span><script type=""text/javascript"" src=""//statics.a8.net/ad/ad.js""></script><script type=""text/javascript"">a8adscript('body').showAd({""req"": {""mat"":""35O4IG+69NB1U+45DI+BWGDT"",""alt"":""商品リンク"",""id"":""3moO5WH-g7-s7BJUbF""},""goods"": {""ejp"":""h""+""ttps://www.myprotein.jp/sports-nutrition/impact-whey-protein/10530943.html"",""imu"":""h""+""ttps://s1.thcdn.com//productimg/1600/1600/10530943-1504726884876366.jpg""}});</script>",https://www.myprotein.jp/
プロテイン,MYPROTEIN,Impact ホエイ プロテイン,海外,ナチュラルストロベリー,3990,公式ＨＰ,40,103,1.9,1,21,"<span class=""a8ad 3moO5WH-g7-s7BK4On""></span><script type=""text/javascript"" src=""//statics.a8.net/ad/ad.js""></script><script type=""text/javascript"">a8adscript('body').showAd({""req"": {""mat"":""35O4IG+69NB1U+45DI+BWGDT"",""alt"":""商品リンク"",""id"":""3moO5WH-g7-s7BK4On""},""goods"": {""ejp"":""h""+""ttps://www.myprotein.jp/sports-nutrition/impact-whey-protein/10530943.html"",""imu"":""h""+""ttps://s1.thcdn.com//productimg/1600/1600/10530943-1504726884876366.jpg""}});</script>",https://www.myprotein.jp/
プロテイン,MYPROTEIN,Impact ホエイ プロテイン,海外,ナチュラルストロベリー,6890,公式ＨＰ,100,103,1.9,1,21,"<span class=""a8ad 3moO5WH-g7-s7BK4On""></span><script type=""text/javascript"" src=""//statics.a8.net/ad/ad.js""></script><script type=""text/javascript"">a8adscript('body').showAd({""req"": {""mat"":""35O4IG+69NB1U+45DI+BWGDT"",""alt"":""商品リンク"",""id"":""3moO5WH-g7-s7BK4On""},""goods"": {""ejp"":""h""+""ttps://www.myprotein.jp/sports-nutrition/impact-whey-protein/10530943.html"",""imu"":""h""+""ttps://s1.thcdn.com//productimg/1600/1600/10530943-1504726884876366.jpg""}});</script>",https://www.myprotein.jp/
プロテイン,MYPROTEIN,Impact ホエイ プロテイン,海外,ナチュラルストロベリー,12690,公式ＨＰ,200,103,1.9,1,21,"<span class=""a8ad 3moO5WH-g7-s7BK4On""></span><script type=""text/javascript"" src=""//statics.a8.net/ad/ad.js""></script><script type=""text/javascript"">a8adscript('body').showAd({""req"": {""mat"":""35O4IG+69NB1U+45DI+BWGDT"",""alt"":""商品リンク"",""id"":""3moO5WH-g7-s7BK4On""},""goods"": {""ejp"":""h""+""ttps://www.myprotein.jp/sports-nutrition/impact-whey-protein/10530943.html"",""imu"":""h""+""ttps://s1.thcdn.com//productimg/1600/1600/10530943-1504726884876366.jpg""}});</script>",https://www.myprotein.jp/
プロテイン,MYPROTEIN,Impact ホエイ プロテイン,海外,ナチュラルチョコレート,3990,公式ＨＰ,40,103,1.9,1,21,"<span class=""a8ad 3moO5WH-g7-s7BKfh3""></span><script type=""text/javascript"" src=""//statics.a8.net/ad/ad.js""></script><script type=""text/javascript"">a8adscript('body').showAd({""req"": {""mat"":""35O4IG+69NB1U+45DI+BWGDT"",""alt"":""商品リンク"",""id"":""3moO5WH-g7-s7BKfh3""},""goods"": {""ejp"":""h""+""ttps://www.myprotein.jp/sports-nutrition/impact-whey-protein/10530943.html"",""imu"":""h""+""ttps://s1.thcdn.com//productimg/1600/1600/10530943-1504726884876366.jpg""}});</script>",https://www.myprotein.jp/
プロテイン,MYPROTEIN,Impact ホエイ プロテイン,海外,ナチュラルチョコレート,6890,公式ＨＰ,100,103,1.9,1,21,"<span class=""a8ad 3moO5WH-g7-s7BKfh3""></span><script type=""text/javascript"" src=""//statics.a8.net/ad/ad.js""></script><script type=""text/javascript"">a8adscript('body').showAd({""req"": {""mat"":""35O4IG+69NB1U+45DI+BWGDT"",""alt"":""商品リンク"",""id"":""3moO5WH-g7-s7BKfh3""},""goods"": {""ejp"":""h""+""ttps://www.myprotein.jp/sports-nutrition/impact-whey-protein/10530943.html"",""imu"":""h""+""ttps://s1.thcdn.com//productimg/1600/1600/10530943-1504726884876366.jpg""}});</script>",https://www.myprotein.jp/
プロテイン,MYPROTEIN,Impact ホエイ プロテイン,海外,ナチュラルチョコレート,12690,公式ＨＰ,200,103,1.9,1,21,"<span class=""a8ad 3moO5WH-g7-s7BKfh3""></span><script type=""text/javascript"" src=""//statics.a8.net/ad/ad.js""></script><script type=""text/javascript"">a8adscript('body').showAd({""req"": {""mat"":""35O4IG+69NB1U+45DI+BWGDT"",""alt"":""商品リンク"",""id"":""3moO5WH-g7-s7BKfh3""},""goods"": {""ejp"":""h""+""ttps://www.myprotein.jp/sports-nutrition/impact-whey-protein/10530943.html"",""imu"":""h""+""ttps://s1.thcdn.com//productimg/1600/1600/10530943-1504726884876366.jpg""}});</script>",https://www.myprotein.jp/
プロテイン,MYPROTEIN,Impact ホエイ プロテイン,海外,ナチュラルバナナ,3990,公式ＨＰ,40,103,1.9,1,21,"<span class=""a8ad 3moO5WH-g7-s7BKniL""></span><script type=""text/javascript"" src=""//statics.a8.net/ad/ad.js""></script><script type=""text/javascript"">a8adscript('body').showAd({""req"": {""mat"":""35O4IG+69NB1U+45DI+BWGDT"",""alt"":""商品リンク"",""id"":""3moO5WH-g7-s7BKniL""},""goods"": {""ejp"":""h""+""ttps://www.myprotein.jp/sports-nutrition/impact-whey-protein/10530943.html"",""imu"":""h""+""ttps://s1.thcdn.com//productimg/1600/1600/10530943-1504726884876366.jpg""}});</script>",https://www.myprotein.jp/
プロテイン,MYPROTEIN,Impact ホエイ プロテイン,海外,ナチュラルバナナ,6890,公式ＨＰ,100,103,1.9,1,21,"<span class=""a8ad 3moO5WH-g7-s7BKniL""></span><script type=""text/javascript"" src=""//statics.a8.net/ad/ad.js""></script><script type=""text/javascript"">a8adscript('body').showAd({""req"": {""mat"":""35O4IG+69NB1U+45DI+BWGDT"",""alt"":""商品リンク"",""id"":""3moO5WH-g7-s7BKniL""},""goods"": {""ejp"":""h""+""ttps://www.myprotein.jp/sports-nutrition/impact-whey-protein/10530943.html"",""imu"":""h""+""ttps://s1.thcdn.com//productimg/1600/1600/10530943-1504726884876366.jpg""}});</script>",https://www.myprotein.jp/
プロテイン,MYPROTEIN,Impact ホエイ プロテイン,海外,ナチュラルバナナ,12690,公式ＨＰ,200,103,1.9,1,21,"<span class=""a8ad 3moO5WH-g7-s7BKniL""></span><script type=""text/javascript"" src=""//statics.a8.net/ad/ad.js""></script><script type=""text/javascript"">a8adscript('body').showAd({""req"": {""mat"":""35O4IG+69NB1U+45DI+BWGDT"",""alt"":""商品リンク"",""id"":""3moO5WH-g7-s7BKniL""},""goods"": {""ejp"":""h""+""ttps://www.myprotein.jp/sports-nutrition/impact-whey-protein/10530943.html"",""imu"":""h""+""ttps://s1.thcdn.com//productimg/1600/1600/10530943-1504726884876366.jpg""}});</script>",https://www.myprotein.jp/
プロテイン,MYPROTEIN,Impact ホエイ プロテイン,海外,ナチュラルバニラ,3990,公式ＨＰ,40,103,1.9,1,21,"<span class=""a8ad 3moO5WH-g7-s7BL4Cg""></span><script type=""text/javascript"" src=""//statics.a8.net/ad/ad.js""></script><script type=""text/javascript"">a8adscript('body').showAd({""req"": {""mat"":""35O4IG+69NB1U+45DI+BWGDT"",""alt"":""商品リンク"",""id"":""3moO5WH-g7-s7BL4Cg""},""goods"": {""ejp"":""h""+""ttps://www.myprotein.jp/sports-nutrition/impact-whey-protein/10530943.html"",""imu"":""h""+""ttps://s1.thcdn.com//productimg/1600/1600/10530943-1504726884876366.jpg""}});</script>",https://www.myprotein.jp/
プロテイン,MYPROTEIN,Impact ホエイ プロテイン,海外,ナチュラルバニラ,6890,公式ＨＰ,100,103,1.9,1,21,"<span class=""a8ad 3moO5WH-g7-s7BL4Cg""></span><script type=""text/javascript"" src=""//statics.a8.net/ad/ad.js""></script><script type=""text/javascript"">a8adscript('body').showAd({""req"": {""mat"":""35O4IG+69NB1U+45DI+BWGDT"",""alt"":""商品リンク"",""id"":""3moO5WH-g7-s7BL4Cg""},""goods"": {""ejp"":""h""+""ttps://www.myprotein.jp/sports-nutrition/impact-whey-protein/10530943.html"",""imu"":""h""+""ttps://s1.thcdn.com//productimg/1600/1600/10530943-1504726884876366.jpg""}});</script>",https://www.myprotein.jp/
プロテイン,MYPROTEIN,Impact ホエイ プロテイン,海外,ナチュラルバニラ,12690,公式ＨＰ,200,103,1.9,1,21,"<span class=""a8ad 3moO5WH-g7-s7BL4Cg""></span><script type=""text/javascript"" src=""//statics.a8.net/ad/ad.js""></script><script type=""text/javascript"">a8adscript('body').showAd({""req"": {""mat"":""35O4IG+69NB1U+45DI+BWGDT"",""alt"":""商品リンク"",""id"":""3moO5WH-g7-s7BL4Cg""},""goods"": {""ejp"":""h""+""ttps://www.myprotein.jp/sports-nutrition/impact-whey-protein/10530943.html"",""imu"":""h""+""ttps://s1.thcdn.com//productimg/1600/1600/10530943-1504726884876366.jpg""}});</script>",https://www.myprotein.jp/
プロテイン,MYPROTEIN,Impact ホエイ プロテイン,海外,ノンフレーバー,3990,公式ＨＰ,40,103,1.9,1,21,"<span class=""a8ad 3moO5WH-g7-s7BLpPr""></span><script type=""text/javascript"" src=""//statics.a8.net/ad/ad.js""></script><script type=""text/javascript"">a8adscript('body').showAd({""req"": {""mat"":""35O4IG+69NB1U+45DI+BWGDT"",""alt"":""商品リンク"",""id"":""3moO5WH-g7-s7BLpPr""},""goods"": {""ejp"":""h""+""ttps://www.myprotein.jp/sports-nutrition/impact-whey-protein/10530943.html"",""imu"":""h""+""ttps://s1.thcdn.com//productimg/1600/1600/10530943-1504726884876366.jpg""}});</script>",https://www.myprotein.jp/
プロテイン,MYPROTEIN,Impact ホエイ プロテイン,海外,ノンフレーバー,6890,公式ＨＰ,100,103,1.9,1,21,"<span class=""a8ad 3moO5WH-g7-s7BLpPr""></span><script type=""text/javascript"" src=""//statics.a8.net/ad/ad.js""></script><script type=""text/javascript"">a8adscript('body').showAd({""req"": {""mat"":""35O4IG+69NB1U+45DI+BWGDT"",""alt"":""商品リンク"",""id"":""3moO5WH-g7-s7BLpPr""},""goods"": {""ejp"":""h""+""ttps://www.myprotein.jp/sports-nutrition/impact-whey-protein/10530943.html"",""imu"":""h""+""ttps://s1.thcdn.com//productimg/1600/1600/10530943-1504726884876366.jpg""}});</script>",https://www.myprotein.jp/
プロテイン,MYPROTEIN,Impact ホエイ プロテイン,海外,ノンフレーバー,12690,公式ＨＰ,200,103,1.9,1,21,"<span class=""a8ad 3moO5WH-g7-s7BLpPr""></span><script type=""text/javascript"" src=""//statics.a8.net/ad/ad.js""></script><script type=""text/javascript"">a8adscript('body').showAd({""req"": {""mat"":""35O4IG+69NB1U+45DI+BWGDT"",""alt"":""商品リンク"",""id"":""3moO5WH-g7-s7BLpPr""},""goods"": {""ejp"":""h""+""ttps://www.myprotein.jp/sports-nutrition/impact-whey-protein/10530943.html"",""imu"":""h""+""ttps://s1.thcdn.com//productimg/1600/1600/10530943-1504726884876366.jpg""}});</script>",https://www.myprotein.jp/
プロテイン,MYPROTEIN,Impact ホエイ プロテイン,海外,ノンフレーバー,1290,公式ＨＰ,10,103,1.9,1,21,"<span class=""a8ad 3moO5WH-g7-s7BLpPr""></span><script type=""text/javascript"" src=""//statics.a8.net/ad/ad.js""></script><script type=""text/javascript"">a8adscript('body').showAd({""req"": {""mat"":""35O4IG+69NB1U+45DI+BWGDT"",""alt"":""商品リンク"",""id"":""3moO5WH-g7-s7BLpPr""},""goods"": {""ejp"":""h""+""ttps://www.myprotein.jp/sports-nutrition/impact-whey-protein/10530943.html"",""imu"":""h""+""ttps://s1.thcdn.com//productimg/1600/1600/10530943-1504726884876366.jpg""}});</script>",https://www.myprotein.jp/
プロテイン,MYPROTEIN,Impact ホエイ プロテイン,海外,パイナップル,3990,公式ＨＰ,40,103,1.9,1,21,"<span class=""a8ad 3moO5WH-g7-s7BLCuM""></span><script type=""text/javascript"" src=""//statics.a8.net/ad/ad.js""></script><script type=""text/javascript"">a8adscript('body').showAd({""req"": {""mat"":""35O4IG+69NB1U+45DI+BWGDT"",""alt"":""商品リンク"",""id"":""3moO5WH-g7-s7BLCuM""},""goods"": {""ejp"":""h""+""ttps://www.myprotein.jp/sports-nutrition/impact-whey-protein/10530943.html"",""imu"":""h""+""ttps://s1.thcdn.com//productimg/1600/1600/10530943-1504726884876366.jpg""}});</script>",https://www.myprotein.jp/
プロテイン,MYPROTEIN,Impact ホエイ プロテイン,海外,パイナップル,6890,公式ＨＰ,100,103,1.9,1,21,"<span class=""a8ad 3moO5WH-g7-s7BLCuM""></span><script type=""text/javascript"" src=""//statics.a8.net/ad/ad.js""></script><script type=""text/javascript"">a8adscript('body').showAd({""req"": {""mat"":""35O4IG+69NB1U+45DI+BWGDT"",""alt"":""商品リンク"",""id"":""3moO5WH-g7-s7BLCuM""},""goods"": {""ejp"":""h""+""ttps://www.myprotein.jp/sports-nutrition/impact-whey-protein/10530943.html"",""imu"":""h""+""ttps://s1.thcdn.com//productimg/1600/1600/10530943-1504726884876366.jpg""}});</script>",https://www.myprotein.jp/
プロテイン,MYPROTEIN,Impact ホエイ プロテイン,海外,パイナップル,12690,公式ＨＰ,200,103,1.9,1,21,"<span class=""a8ad 3moO5WH-g7-s7BLCuM""></span><script type=""text/javascript"" src=""//statics.a8.net/ad/ad.js""></script><script type=""text/javascript"">a8adscript('body').showAd({""req"": {""mat"":""35O4IG+69NB1U+45DI+BWGDT"",""alt"":""商品リンク"",""id"":""3moO5WH-g7-s7BLCuM""},""goods"": {""ejp"":""h""+""ttps://www.myprotein.jp/sports-nutrition/impact-whey-protein/10530943.html"",""imu"":""h""+""ttps://s1.thcdn.com//productimg/1600/1600/10530943-1504726884876366.jpg""}});</script>",https://www.myprotein.jp/
プロテイン,MYPROTEIN,Impact ホエイ プロテイン,海外,バナナ,3990,公式ＨＰ,40,103,1.9,1,21,"<span class=""a8ad 3moO5WH-g7-s7BNdeI""></span><script type=""text/javascript"" src=""//statics.a8.net/ad/ad.js""></script><script type=""text/javascript"">a8adscript('body').showAd({""req"": {""mat"":""35O4IG+69NB1U+45DI+BWGDT"",""alt"":""商品リンク"",""id"":""3moO5WH-g7-s7BNdeI""},""goods"": {""ejp"":""h""+""ttps://www.myprotein.jp/sports-nutrition/impact-whey-protein/10530943.html"",""imu"":""h""+""ttps://s1.thcdn.com//productimg/1600/1600/10530943-1504726884876366.jpg""}});</script>",https://www.myprotein.jp/
プロテイン,MYPROTEIN,Impact ホエイ プロテイン,海外,バナナ,6890,公式ＨＰ,100,103,1.9,1,21,"<span class=""a8ad 3moO5WH-g7-s7BNdeI""></span><script type=""text/javascript"" src=""//statics.a8.net/ad/ad.js""></script><script type=""text/javascript"">a8adscript('body').showAd({""req"": {""mat"":""35O4IG+69NB1U+45DI+BWGDT"",""alt"":""商品リンク"",""id"":""3moO5WH-g7-s7BNdeI""},""goods"": {""ejp"":""h""+""ttps://www.myprotein.jp/sports-nutrition/impact-whey-protein/10530943.html"",""imu"":""h""+""ttps://s1.thcdn.com//productimg/1600/1600/10530943-1504726884876366.jpg""}});</script>",https://www.myprotein.jp/
プロテイン,MYPROTEIN,Impact ホエイ プロテイン,海外,バナナ,12690,公式ＨＰ,200,103,1.9,1,21,"<span class=""a8ad 3moO5WH-g7-s7BNdeI""></span><script type=""text/javascript"" src=""//statics.a8.net/ad/ad.js""></script><script type=""text/javascript"">a8adscript('body').showAd({""req"": {""mat"":""35O4IG+69NB1U+45DI+BWGDT"",""alt"":""商品リンク"",""id"":""3moO5WH-g7-s7BNdeI""},""goods"": {""ejp"":""h""+""ttps://www.myprotein.jp/sports-nutrition/impact-whey-protein/10530943.html"",""imu"":""h""+""ttps://s1.thcdn.com//productimg/1600/1600/10530943-1504726884876366.jpg""}});</script>",https://www.myprotein.jp/
プロテイン,MYPROTEIN,Impact ホエイ プロテイン,海外,バナナ,1290,公式ＨＰ,10,103,1.9,1,21,"<span class=""a8ad 3moO5WH-g7-s7BNdeI""></span><script type=""text/javascript"" src=""//statics.a8.net/ad/ad.js""></script><script type=""text/javascript"">a8adscript('body').showAd({""req"": {""mat"":""35O4IG+69NB1U+45DI+BWGDT"",""alt"":""商品リンク"",""id"":""3moO5WH-g7-s7BNdeI""},""goods"": {""ejp"":""h""+""ttps://www.myprotein.jp/sports-nutrition/impact-whey-protein/10530943.html"",""imu"":""h""+""ttps://s1.thcdn.com//productimg/1600/1600/10530943-1504726884876366.jpg""}});</script>",https://www.myprotein.jp/
プロテイン,MYPROTEIN,Impact ホエイ プロテイン,海外,バニラ,3990,公式ＨＰ,40,103,1.9,1,21,"<span class=""a8ad 3moO5WH-g7-s7BNlyS""></span><script type=""text/javascript"" src=""//statics.a8.net/ad/ad.js""></script><script type=""text/javascript"">a8adscript('body').showAd({""req"": {""mat"":""35O4IG+69NB1U+45DI+BWGDT"",""alt"":""商品リンク"",""id"":""3moO5WH-g7-s7BNlyS""},""goods"": {""ejp"":""h""+""ttps://www.myprotein.jp/sports-nutrition/impact-whey-protein/10530943.html"",""imu"":""h""+""ttps://s1.thcdn.com//productimg/1600/1600/10530943-1504726884876366.jpg""}});</script>",https://www.myprotein.jp/
プロテイン,MYPROTEIN,Impact ホエイ プロテイン,海外,バニラ,6890,公式ＨＰ,100,103,1.9,1,21,"<span class=""a8ad 3moO5WH-g7-s7BNlyS""></span><script type=""text/javascript"" src=""//statics.a8.net/ad/ad.js""></script><script type=""text/javascript"">a8adscript('body').showAd({""req"": {""mat"":""35O4IG+69NB1U+45DI+BWGDT"",""alt"":""商品リンク"",""id"":""3moO5WH-g7-s7BNlyS""},""goods"": {""ejp"":""h""+""ttps://www.myprotein.jp/sports-nutrition/impact-whey-protein/10530943.html"",""imu"":""h""+""ttps://s1.thcdn.com//productimg/1600/1600/10530943-1504726884876366.jpg""}});</script>",https://www.myprotein.jp/
プロテイン,MYPROTEIN,Impact ホエイ プロテイン,海外,バニラ,12690,公式ＨＰ,200,103,1.9,1,21,"<span class=""a8ad 3moO5WH-g7-s7BNlyS""></span><script type=""text/javascript"" src=""//statics.a8.net/ad/ad.js""></script><script type=""text/javascript"">a8adscript('body').showAd({""req"": {""mat"":""35O4IG+69NB1U+45DI+BWGDT"",""alt"":""商品リンク"",""id"":""3moO5WH-g7-s7BNlyS""},""goods"": {""ejp"":""h""+""ttps://www.myprotein.jp/sports-nutrition/impact-whey-protein/10530943.html"",""imu"":""h""+""ttps://s1.thcdn.com//productimg/1600/1600/10530943-1504726884876366.jpg""}});</script>",https://www.myprotein.jp/
プロテイン,MYPROTEIN,Impact ホエイ プロテイン,海外,バニラ,1290,公式ＨＰ,10,103,1.9,1,21,"<span class=""a8ad 3moO5WH-g7-s7BNlyS""></span><script type=""text/javascript"" src=""//statics.a8.net/ad/ad.js""></script><script type=""text/javascript"">a8adscript('body').showAd({""req"": {""mat"":""35O4IG+69NB1U+45DI+BWGDT"",""alt"":""商品リンク"",""id"":""3moO5WH-g7-s7BNlyS""},""goods"": {""ejp"":""h""+""ttps://www.myprotein.jp/sports-nutrition/impact-whey-protein/10530943.html"",""imu"":""h""+""ttps://s1.thcdn.com//productimg/1600/1600/10530943-1504726884876366.jpg""}});</script>",https://www.myprotein.jp/
プロテイン,MYPROTEIN,Impact ホエイ プロテイン,海外,バニラ＆ラズベリー,3990,公式ＨＰ,40,103,1.9,1,21,"<span class=""a8ad 3moO5WH-g7-s7BNv0o""></span><script type=""text/javascript"" src=""//statics.a8.net/ad/ad.js""></script><script type=""text/javascript"">a8adscript('body').showAd({""req"": {""mat"":""35O4IG+69NB1U+45DI+BWGDT"",""alt"":""商品リンク"",""id"":""3moO5WH-g7-s7BNv0o""},""goods"": {""ejp"":""h""+""ttps://www.myprotein.jp/sports-nutrition/impact-whey-protein/10530943.html"",""imu"":""h""+""ttps://s1.thcdn.com//productimg/1600/1600/10530943-1504726884876366.jpg""}});</script>",https://www.myprotein.jp/
プロテイン,MYPROTEIN,Impact ホエイ プロテイン,海外,バニラ＆ラズベリー,6890,公式ＨＰ,100,103,1.9,1,21,"<span class=""a8ad 3moO5WH-g7-s7BNv0o""></span><script type=""text/javascript"" src=""//statics.a8.net/ad/ad.js""></script><script type=""text/javascript"">a8adscript('body').showAd({""req"": {""mat"":""35O4IG+69NB1U+45DI+BWGDT"",""alt"":""商品リンク"",""id"":""3moO5WH-g7-s7BNv0o""},""goods"": {""ejp"":""h""+""ttps://www.myprotein.jp/sports-nutrition/impact-whey-protein/10530943.html"",""imu"":""h""+""ttps://s1.thcdn.com//productimg/1600/1600/10530943-1504726884876366.jpg""}});</script>",https://www.myprotein.jp/
プロテイン,MYPROTEIN,Impact ホエイ プロテイン,海外,バノフィー,3990,公式ＨＰ,40,103,1.9,1,21,"<span class=""a8ad 3moO5WH-g7-s7BNGs4""></span><script type=""text/javascript"" src=""//statics.a8.net/ad/ad.js""></script><script type=""text/javascript"">a8adscript('body').showAd({""req"": {""mat"":""35O4IG+69NB1U+45DI+BWGDT"",""alt"":""商品リンク"",""id"":""3moO5WH-g7-s7BNGs4""},""goods"": {""ejp"":""h""+""ttps://www.myprotein.jp/sports-nutrition/impact-whey-protein/10530943.html"",""imu"":""h""+""ttps://s1.thcdn.com//productimg/1600/1600/10530943-1504726884876366.jpg""}});</script>",https://www.myprotein.jp/
プロテイン,MYPROTEIN,Impact ホエイ プロテイン,海外,バノフィー,6890,公式ＨＰ,100,103,1.9,1,21,"<span class=""a8ad 3moO5WH-g7-s7BNGs4""></span><script type=""text/javascript"" src=""//statics.a8.net/ad/ad.js""></script><script type=""text/javascript"">a8adscript('body').showAd({""req"": {""mat"":""35O4IG+69NB1U+45DI+BWGDT"",""alt"":""商品リンク"",""id"":""3moO5WH-g7-s7BNGs4""},""goods"": {""ejp"":""h""+""ttps://www.myprotein.jp/sports-nutrition/impact-whey-protein/10530943.html"",""imu"":""h""+""ttps://s1.thcdn.com//productimg/1600/1600/10530943-1504726884876366.jpg""}});</script>",https://www.myprotein.jp/
プロテイン,MYPROTEIN,Impact ホエイ プロテイン,海外,バノフィー,12690,公式ＨＰ,200,103,1.9,1,21,"<span class=""a8ad 3moO5WH-g7-s7BNGs4""></span><script type=""text/javascript"" src=""//statics.a8.net/ad/ad.js""></script><script type=""text/javascript"">a8adscript('body').showAd({""req"": {""mat"":""35O4IG+69NB1U+45DI+BWGDT"",""alt"":""商品リンク"",""id"":""3moO5WH-g7-s7BNGs4""},""goods"": {""ejp"":""h""+""ttps://www.myprotein.jp/sports-nutrition/impact-whey-protein/10530943.html"",""imu"":""h""+""ttps://s1.thcdn.com//productimg/1600/1600/10530943-1504726884876366.jpg""}});</script>",https://www.myprotein.jp/
プロテイン,MYPROTEIN,Impact ホエイ プロテイン,海外,ピーチティー,3990,公式ＨＰ,40,103,1.9,1,21,"<span class=""a8ad 3moO5WH-g7-s7BNOQw""></span><script type=""text/javascript"" src=""//statics.a8.net/ad/ad.js""></script><script type=""text/javascript"">a8adscript('body').showAd({""req"": {""mat"":""35O4IG+69NB1U+45DI+BWGDT"",""alt"":""商品リンク"",""id"":""3moO5WH-g7-s7BNOQw""},""goods"": {""ejp"":""h""+""ttps://www.myprotein.jp/sports-nutrition/impact-whey-protein/10530943.html"",""imu"":""h""+""ttps://s1.thcdn.com//productimg/1600/1600/10530943-1504726884876366.jpg""}});</script>",https://www.myprotein.jp/
プロテイン,MYPROTEIN,Impact ホエイ プロテイン,海外,ピーチティー,6890,公式ＨＰ,100,103,1.9,1,21,"<span class=""a8ad 3moO5WH-g7-s7BNOQw""></span><script type=""text/javascript"" src=""//statics.a8.net/ad/ad.js""></script><script type=""text/javascript"">a8adscript('body').showAd({""req"": {""mat"":""35O4IG+69NB1U+45DI+BWGDT"",""alt"":""商品リンク"",""id"":""3moO5WH-g7-s7BNOQw""},""goods"": {""ejp"":""h""+""ttps://www.myprotein.jp/sports-nutrition/impact-whey-protein/10530943.html"",""imu"":""h""+""ttps://s1.thcdn.com//productimg/1600/1600/10530943-1504726884876366.jpg""}});</script>",https://www.myprotein.jp/
プロテイン,MYPROTEIN,Impact ホエイ プロテイン,海外,ブルーベリー,3990,公式ＨＰ,40,103,1.9,1,21,"<span class=""a8ad 3moO5WH-g7-s7BNWE3""></span><script type=""text/javascript"" src=""//statics.a8.net/ad/ad.js""></script><script type=""text/javascript"">a8adscript('body').showAd({""req"": {""mat"":""35O4IG+69NB1U+45DI+BWGDT"",""alt"":""商品リンク"",""id"":""3moO5WH-g7-s7BNWE3""},""goods"": {""ejp"":""h""+""ttps://www.myprotein.jp/sports-nutrition/impact-whey-protein/10530943.html"",""imu"":""h""+""ttps://s1.thcdn.com//productimg/1600/1600/10530943-1504726884876366.jpg""}});</script>",https://www.myprotein.jp/
プロテイン,MYPROTEIN,Impact ホエイ プロテイン,海外,ブルーベリー,6890,公式ＨＰ,100,103,1.9,1,21,"<span class=""a8ad 3moO5WH-g7-s7BNWE3""></span><script type=""text/javascript"" src=""//statics.a8.net/ad/ad.js""></script><script type=""text/javascript"">a8adscript('body').showAd({""req"": {""mat"":""35O4IG+69NB1U+45DI+BWGDT"",""alt"":""商品リンク"",""id"":""3moO5WH-g7-s7BNWE3""},""goods"": {""ejp"":""h""+""ttps://www.myprotein.jp/sports-nutrition/impact-whey-protein/10530943.html"",""imu"":""h""+""ttps://s1.thcdn.com//productimg/1600/1600/10530943-1504726884876366.jpg""}});</script>",https://www.myprotein.jp/
プロテイン,MYPROTEIN,Impact ホエイ プロテイン,海外,ブルーベリー,12690,公式ＨＰ,200,103,1.9,1,21,"<span class=""a8ad 3moO5WH-g7-s7BNWE3""></span><script type=""text/javascript"" src=""//statics.a8.net/ad/ad.js""></script><script type=""text/javascript"">a8adscript('body').showAd({""req"": {""mat"":""35O4IG+69NB1U+45DI+BWGDT"",""alt"":""商品リンク"",""id"":""3moO5WH-g7-s7BNWE3""},""goods"": {""ejp"":""h""+""ttps://www.myprotein.jp/sports-nutrition/impact-whey-protein/10530943.html"",""imu"":""h""+""ttps://s1.thcdn.com//productimg/1600/1600/10530943-1504726884876366.jpg""}});</script>",https://www.myprotein.jp/
プロテイン,MYPROTEIN,Impact ホエイ プロテイン,海外,ブルーベリーチーズケーキ,3990,公式ＨＰ,40,103,1.9,1,21,"<span class=""a8ad 3moO5WH-g7-s7BO4xt""></span><script type=""text/javascript"" src=""//statics.a8.net/ad/ad.js""></script><script type=""text/javascript"">a8adscript('body').showAd({""req"": {""mat"":""35O4IG+69NB1U+45DI+BWGDT"",""alt"":""商品リンク"",""id"":""3moO5WH-g7-s7BO4xt""},""goods"": {""ejp"":""h""+""ttps://www.myprotein.jp/sports-nutrition/impact-whey-protein/10530943.html"",""imu"":""h""+""ttps://s1.thcdn.com//productimg/1600/1600/10530943-1504726884876366.jpg""}});</script>",https://www.myprotein.jp/
プロテイン,MYPROTEIN,Impact ホエイ プロテイン,海外,ブルーベリーチーズケーキ,6890,公式ＨＰ,100,103,1.9,1,21,"<span class=""a8ad 3moO5WH-g7-s7BO4xt""></span><script type=""text/javascript"" src=""//statics.a8.net/ad/ad.js""></script><script type=""text/javascript"">a8adscript('body').showAd({""req"": {""mat"":""35O4IG+69NB1U+45DI+BWGDT"",""alt"":""商品リンク"",""id"":""3moO5WH-g7-s7BO4xt""},""goods"": {""ejp"":""h""+""ttps://www.myprotein.jp/sports-nutrition/impact-whey-protein/10530943.html"",""imu"":""h""+""ttps://s1.thcdn.com//productimg/1600/1600/10530943-1504726884876366.jpg""}});</script>",https://www.myprotein.jp/
プロテイン,MYPROTEIN,Impact ホエイ プロテイン,海外,ブルーベリーチーズケーキ,12690,公式ＨＰ,200,103,1.9,1,21,"<span class=""a8ad 3moO5WH-g7-s7BO4xt""></span><script type=""text/javascript"" src=""//statics.a8.net/ad/ad.js""></script><script type=""text/javascript"">a8adscript('body').showAd({""req"": {""mat"":""35O4IG+69NB1U+45DI+BWGDT"",""alt"":""商品リンク"",""id"":""3moO5WH-g7-s7BO4xt""},""goods"": {""ejp"":""h""+""ttps://www.myprotein.jp/sports-nutrition/impact-whey-protein/10530943.html"",""imu"":""h""+""ttps://s1.thcdn.com//productimg/1600/1600/10530943-1504726884876366.jpg""}});</script>",https://www.myprotein.jp/
プロテイン,MYPROTEIN,Impact ホエイ プロテイン,海外,ホワイトチョコレート,3990,公式ＨＰ,40,103,1.9,1,21,"<span class=""a8ad 3moO5WH-g7-s7BOcBv""></span><script type=""text/javascript"" src=""//statics.a8.net/ad/ad.js""></script><script type=""text/javascript"">a8adscript('body').showAd({""req"": {""mat"":""35O4IG+69NB1U+45DI+BWGDT"",""alt"":""商品リンク"",""id"":""3moO5WH-g7-s7BOcBv""},""goods"": {""ejp"":""h""+""ttps://www.myprotein.jp/sports-nutrition/impact-whey-protein/10530943.html"",""imu"":""h""+""ttps://s1.thcdn.com//productimg/1600/1600/10530943-1504726884876366.jpg""}});</script>",https://www.myprotein.jp/
プロテイン,MYPROTEIN,Impact ホエイ プロテイン,海外,ホワイトチョコレート,6890,公式ＨＰ,100,103,1.9,1,21,"<span class=""a8ad 3moO5WH-g7-s7BOcBv""></span><script type=""text/javascript"" src=""//statics.a8.net/ad/ad.js""></script><script type=""text/javascript"">a8adscript('body').showAd({""req"": {""mat"":""35O4IG+69NB1U+45DI+BWGDT"",""alt"":""商品リンク"",""id"":""3moO5WH-g7-s7BOcBv""},""goods"": {""ejp"":""h""+""ttps://www.myprotein.jp/sports-nutrition/impact-whey-protein/10530943.html"",""imu"":""h""+""ttps://s1.thcdn.com//productimg/1600/1600/10530943-1504726884876366.jpg""}});</script>",https://www.myprotein.jp/
プロテイン,MYPROTEIN,Impact ホエイ プロテイン,海外,ホワイトチョコレート,12690,公式ＨＰ,200,103,1.9,1,21,"<span class=""a8ad 3moO5WH-g7-s7BOcBv""></span><script type=""text/javascript"" src=""//statics.a8.net/ad/ad.js""></script><script type=""text/javascript"">a8adscript('body').showAd({""req"": {""mat"":""35O4IG+69NB1U+45DI+BWGDT"",""alt"":""商品リンク"",""id"":""3moO5WH-g7-s7BOcBv""},""goods"": {""ejp"":""h""+""ttps://www.myprotein.jp/sports-nutrition/impact-whey-protein/10530943.html"",""imu"":""h""+""ttps://s1.thcdn.com//productimg/1600/1600/10530943-1504726884876366.jpg""}});</script>",https://www.myprotein.jp/
プロテイン,MYPROTEIN,Impact ホエイ プロテイン,海外,マジパン,3990,公式ＨＰ,40,103,1.9,1,21,"<span class=""a8ad 3moO5WH-g7-s7BOA4Z""></span><script type=""text/javascript"" src=""//statics.a8.net/ad/ad.js""></script><script type=""text/javascript"">a8adscript('body').showAd({""req"": {""mat"":""35O4IG+69NB1U+45DI+BWGDT"",""alt"":""商品リンク"",""id"":""3moO5WH-g7-s7BOA4Z""},""goods"": {""ejp"":""h""+""ttps://www.myprotein.jp/sports-nutrition/impact-whey-protein/10530943.html"",""imu"":""h""+""ttps://s1.thcdn.com//productimg/1600/1600/10530943-1504726884876366.jpg""}});</script>",https://www.myprotein.jp/
プロテイン,MYPROTEIN,Impact ホエイ プロテイン,海外,マジパン,1290,公式ＨＰ,10,103,1.9,1,21,"<span class=""a8ad 3moO5WH-g7-s7BOA4Z""></span><script type=""text/javascript"" src=""//statics.a8.net/ad/ad.js""></script><script type=""text/javascript"">a8adscript('body').showAd({""req"": {""mat"":""35O4IG+69NB1U+45DI+BWGDT"",""alt"":""商品リンク"",""id"":""3moO5WH-g7-s7BOA4Z""},""goods"": {""ejp"":""h""+""ttps://www.myprotein.jp/sports-nutrition/impact-whey-protein/10530943.html"",""imu"":""h""+""ttps://s1.thcdn.com//productimg/1600/1600/10530943-1504726884876366.jpg""}});</script>",https://www.myprotein.jp/
プロテイン,MYPROTEIN,Impact ホエイ プロテイン,海外,マロン,1290,公式ＨＰ,10,103,1.9,1,21,"<span class=""a8ad 3moO5WH-g7-s7BORPs""></span><script type=""text/javascript"" src=""//statics.a8.net/ad/ad.js""></script><script type=""text/javascript"">a8adscript('body').showAd({""req"": {""mat"":""35O4IG+69NB1U+45DI+BWGDT"",""alt"":""商品リンク"",""id"":""3moO5WH-g7-s7BORPs""},""goods"": {""ejp"":""h""+""ttps://www.myprotein.jp/sports-nutrition/impact-whey-protein/10530943.html"",""imu"":""h""+""ttps://s1.thcdn.com/productimg/1600/1600/11902072-1694625349516594.png""}});</script>",https://www.myprotein.jp/
プロテイン,MYPROTEIN,Impact ホエイ プロテイン,海外,マンゴー,3990,公式ＨＰ,40,103,1.9,1,21,"<span class=""a8ad 3moO5WH-g7-s7BP0CK""></span><script type=""text/javascript"" src=""//statics.a8.net/ad/ad.js""></script><script type=""text/javascript"">a8adscript('body').showAd({""req"": {""mat"":""35O4IG+69NB1U+45DI+BWGDT"",""alt"":""商品リンク"",""id"":""3moO5WH-g7-s7BP0CK""},""goods"": {""ejp"":""h""+""ttps://www.myprotein.jp/sports-nutrition/impact-whey-protein/10530943.html"",""imu"":""h""+""ttps://s1.thcdn.com//productimg/1600/1600/10530943-1504726884876366.jpg""}});</script>",https://www.myprotein.jp/
プロテイン,MYPROTEIN,Impact ホエイ プロテイン,海外,ミルクティー,3990,公式ＨＰ,40,103,1.9,1,21,"<span class=""a8ad 3moO5WH-g7-s7BP7XY""></span><script type=""text/javascript"" src=""//statics.a8.net/ad/ad.js""></script><script type=""text/javascript"">a8adscript('body').showAd({""req"": {""mat"":""35O4IG+69NB1U+45DI+BWGDT"",""alt"":""商品リンク"",""id"":""3moO5WH-g7-s7BP7XY""},""goods"": {""ejp"":""h""+""ttps://www.myprotein.jp/sports-nutrition/impact-whey-protein/10530943.html"",""imu"":""h""+""ttps://s1.thcdn.com//productimg/1600/1600/11571206-2054790440251582.jpg""}});</script>",https://www.myprotein.jp/
プロテイン,MYPROTEIN,Impact ホエイ プロテイン,海外,ミルクティー,6890,公式ＨＰ,100,103,1.9,1,21,"<span class=""a8ad 3moO5WH-g7-s7BP7XY""></span><script type=""text/javascript"" src=""//statics.a8.net/ad/ad.js""></script><script type=""text/javascript"">a8adscript('body').showAd({""req"": {""mat"":""35O4IG+69NB1U+45DI+BWGDT"",""alt"":""商品リンク"",""id"":""3moO5WH-g7-s7BP7XY""},""goods"": {""ejp"":""h""+""ttps://www.myprotein.jp/sports-nutrition/impact-whey-protein/10530943.html"",""imu"":""h""+""ttps://s1.thcdn.com//productimg/1600/1600/11571206-2054790440251582.jpg""}});</script>",https://www.myprotein.jp/
プロテイン,MYPROTEIN,Impact ホエイ プロテイン,海外,ミルクティー,12690,公式ＨＰ,200,103,1.9,1,21,"<span class=""a8ad 3moO5WH-g7-s7BP7XY""></span><script type=""text/javascript"" src=""//statics.a8.net/ad/ad.js""></script><script type=""text/javascript"">a8adscript('body').showAd({""req"": {""mat"":""35O4IG+69NB1U+45DI+BWGDT"",""alt"":""商品リンク"",""id"":""3moO5WH-g7-s7BP7XY""},""goods"": {""ejp"":""h""+""ttps://www.myprotein.jp/sports-nutrition/impact-whey-protein/10530943.html"",""imu"":""h""+""ttps://s1.thcdn.com//productimg/1600/1600/11571206-2054790440251582.jpg""}});</script>",https://www.myprotein.jp/
プロテイン,MYPROTEIN,Impact ホエイ プロテイン,海外,ミルクティー,1290,公式ＨＰ,10,103,1.9,1,21,"<span class=""a8ad 3moO5WH-g7-s7BP7XY""></span><script type=""text/javascript"" src=""//statics.a8.net/ad/ad.js""></script><script type=""text/javascript"">a8adscript('body').showAd({""req"": {""mat"":""35O4IG+69NB1U+45DI+BWGDT"",""alt"":""商品リンク"",""id"":""3moO5WH-g7-s7BP7XY""},""goods"": {""ejp"":""h""+""ttps://www.myprotein.jp/sports-nutrition/impact-whey-protein/10530943.html"",""imu"":""h""+""ttps://s1.thcdn.com//productimg/1600/1600/11571206-2054790440251582.jpg""}});</script>",https://www.myprotein.jp/
プロテイン,MYPROTEIN,Impact ホエイ プロテイン,海外,メープルシロップ,3990,公式ＨＰ,40,103,1.9,1,21,"<span class=""a8ad 3moO5WH-g7-s7BPvUy""></span><script type=""text/javascript"" src=""//statics.a8.net/ad/ad.js""></script><script type=""text/javascript"">a8adscript('body').showAd({""req"": {""mat"":""35O4IG+69NB1U+45DI+BWGDT"",""alt"":""商品リンク"",""id"":""3moO5WH-g7-s7BPvUy""},""goods"": {""ejp"":""h""+""ttps://www.myprotein.jp/sports-nutrition/impact-whey-protein/10530943.html"",""imu"":""h""+""ttps://s1.thcdn.com//productimg/1600/1600/10530943-1504726884876366.jpg""}});</script>",https://www.myprotein.jp/
プロテイン,MYPROTEIN,Impact ホエイ プロテイン,海外,メープルシロップ,6890,公式ＨＰ,100,103,1.9,1,21,"<span class=""a8ad 3moO5WH-g7-s7BPvUy""></span><script type=""text/javascript"" src=""//statics.a8.net/ad/ad.js""></script><script type=""text/javascript"">a8adscript('body').showAd({""req"": {""mat"":""35O4IG+69NB1U+45DI+BWGDT"",""alt"":""商品リンク"",""id"":""3moO5WH-g7-s7BPvUy""},""goods"": {""ejp"":""h""+""ttps://www.myprotein.jp/sports-nutrition/impact-whey-protein/10530943.html"",""imu"":""h""+""ttps://s1.thcdn.com//productimg/1600/1600/10530943-1504726884876366.jpg""}});</script>",https://www.myprotein.jp/
プロテイン,MYPROTEIN,Impact ホエイ プロテイン,海外,モカ,3990,公式ＨＰ,40,103,1.9,1,21,"<span class=""a8ad 3moO5WH-g7-s7BPGxC""></span><script type=""text/javascript"" src=""//statics.a8.net/ad/ad.js""></script><script type=""text/javascript"">a8adscript('body').showAd({""req"": {""mat"":""35O4IG+69NB1U+45DI+BWGDT"",""alt"":""商品リンク"",""id"":""3moO5WH-g7-s7BPGxC""},""goods"": {""ejp"":""h""+""ttps://www.myprotein.jp/sports-nutrition/impact-whey-protein/10530943.html"",""imu"":""h""+""ttps://s1.thcdn.com//productimg/1600/1600/10530943-1504726884876366.jpg""}});</script>",https://www.myprotein.jp/
プロテイン,MYPROTEIN,Impact ホエイ プロテイン,海外,モカ,6890,公式ＨＰ,100,103,1.9,1,21,"<span class=""a8ad 3moO5WH-g7-s7BPGxC""></span><script type=""text/javascript"" src=""//statics.a8.net/ad/ad.js""></script><script type=""text/javascript"">a8adscript('body').showAd({""req"": {""mat"":""35O4IG+69NB1U+45DI+BWGDT"",""alt"":""商品リンク"",""id"":""3moO5WH-g7-s7BPGxC""},""goods"": {""ejp"":""h""+""ttps://www.myprotein.jp/sports-nutrition/impact-whey-protein/10530943.html"",""imu"":""h""+""ttps://s1.thcdn.com//productimg/1600/1600/10530943-1504726884876366.jpg""}});</script>",https://www.myprotein.jp/
プロテイン,MYPROTEIN,Impact ホエイ プロテイン,海外,モカ,12690,公式ＨＰ,200,103,1.9,1,21,"<span class=""a8ad 3moO5WH-g7-s7BPGxC""></span><script type=""text/javascript"" src=""//statics.a8.net/ad/ad.js""></script><script type=""text/javascript"">a8adscript('body').showAd({""req"": {""mat"":""35O4IG+69NB1U+45DI+BWGDT"",""alt"":""商品リンク"",""id"":""3moO5WH-g7-s7BPGxC""},""goods"": {""ejp"":""h""+""ttps://www.myprotein.jp/sports-nutrition/impact-whey-protein/10530943.html"",""imu"":""h""+""ttps://s1.thcdn.com//productimg/1600/1600/10530943-1504726884876366.jpg""}});</script>",https://www.myprotein.jp/
プロテイン,MYPROTEIN,Impact ホエイ プロテイン,海外,ラズベリー,3990,公式ＨＰ,40,103,1.9,1,21,"<span class=""a8ad 3moO5WH-g7-s7BPOwo""></span><script type=""text/javascript"" src=""//statics.a8.net/ad/ad.js""></script><script type=""text/javascript"">a8adscript('body').showAd({""req"": {""mat"":""35O4IG+69NB1U+45DI+BWGDT"",""alt"":""商品リンク"",""id"":""3moO5WH-g7-s7BPOwo""},""goods"": {""ejp"":""h""+""ttps://www.myprotein.jp/sports-nutrition/impact-whey-protein/10530943.html"",""imu"":""h""+""ttps://s1.thcdn.com//productimg/1600/1600/10530943-1504726884876366.jpg""}});</script>",https://www.myprotein.jp/
プロテイン,MYPROTEIN,Impact ホエイ プロテイン,海外,ラズベリー,6890,公式ＨＰ,100,103,1.9,1,21,"<span class=""a8ad 3moO5WH-g7-s7BPOwo""></span><script type=""text/javascript"" src=""//statics.a8.net/ad/ad.js""></script><script type=""text/javascript"">a8adscript('body').showAd({""req"": {""mat"":""35O4IG+69NB1U+45DI+BWGDT"",""alt"":""商品リンク"",""id"":""3moO5WH-g7-s7BPOwo""},""goods"": {""ejp"":""h""+""ttps://www.myprotein.jp/sports-nutrition/impact-whey-protein/10530943.html"",""imu"":""h""+""ttps://s1.thcdn.com//productimg/1600/1600/10530943-1504726884876366.jpg""}});</script>",https://www.myprotein.jp/
プロテイン,MYPROTEIN,Impact ホエイ プロテイン,海外,ラズベリー,12690,公式ＨＰ,200,103,1.9,1,21,"<span class=""a8ad 3moO5WH-g7-s7BPOwo""></span><script type=""text/javascript"" src=""//statics.a8.net/ad/ad.js""></script><script type=""text/javascript"">a8adscript('body').showAd({""req"": {""mat"":""35O4IG+69NB1U+45DI+BWGDT"",""alt"":""商品リンク"",""id"":""3moO5WH-g7-s7BPOwo""},""goods"": {""ejp"":""h""+""ttps://www.myprotein.jp/sports-nutrition/impact-whey-protein/10530943.html"",""imu"":""h""+""ttps://s1.thcdn.com//productimg/1600/1600/10530943-1504726884876366.jpg""}});</script>",https://www.myprotein.jp/
プロテイン,MYPROTEIN,Impact ホエイ プロテイン,海外,ラテ,3990,公式ＨＰ,40,103,1.9,1,21,"<span class=""a8ad 3moO5WH-g7-s7BPWEs""></span><script type=""text/javascript"" src=""//statics.a8.net/ad/ad.js""></script><script type=""text/javascript"">a8adscript('body').showAd({""req"": {""mat"":""35O4IG+69NB1U+45DI+BWGDT"",""alt"":""商品リンク"",""id"":""3moO5WH-g7-s7BPWEs""},""goods"": {""ejp"":""h""+""ttps://www.myprotein.jp/sports-nutrition/impact-whey-protein/10530943.html"",""imu"":""h""+""ttps://s1.thcdn.com//productimg/1600/1600/10530943-1504726884876366.jpg""}});</script>",https://www.myprotein.jp/
プロテイン,MYPROTEIN,Impact ホエイ プロテイン,海外,ラテ,6890,公式ＨＰ,100,103,1.9,1,21,"<span class=""a8ad 3moO5WH-g7-s7BPWEs""></span><script type=""text/javascript"" src=""//statics.a8.net/ad/ad.js""></script><script type=""text/javascript"">a8adscript('body').showAd({""req"": {""mat"":""35O4IG+69NB1U+45DI+BWGDT"",""alt"":""商品リンク"",""id"":""3moO5WH-g7-s7BPWEs""},""goods"": {""ejp"":""h""+""ttps://www.myprotein.jp/sports-nutrition/impact-whey-protein/10530943.html"",""imu"":""h""+""ttps://s1.thcdn.com//productimg/1600/1600/10530943-1504726884876366.jpg""}});</script>",https://www.myprotein.jp/
プロテイン,MYPROTEIN,Impact ホエイ プロテイン,海外,ラテ,12690,公式ＨＰ,200,103,1.9,1,21,"<span class=""a8ad 3moO5WH-g7-s7BPWEs""></span><script type=""text/javascript"" src=""//statics.a8.net/ad/ad.js""></script><script type=""text/javascript"">a8adscript('body').showAd({""req"": {""mat"":""35O4IG+69NB1U+45DI+BWGDT"",""alt"":""商品リンク"",""id"":""3moO5WH-g7-s7BPWEs""},""goods"": {""ejp"":""h""+""ttps://www.myprotein.jp/sports-nutrition/impact-whey-protein/10530943.html"",""imu"":""h""+""ttps://s1.thcdn.com//productimg/1600/1600/10530943-1504726884876366.jpg""}});</script>",https://www.myprotein.jp/
プロテイン,MYPROTEIN,Impact ホエイ プロテイン,海外,ロッキーロード,3990,公式ＨＰ,40,103,1.9,1,21,"<span class=""a8ad 3moO5WH-g7-s7BQ4IM""></span><script type=""text/javascript"" src=""//statics.a8.net/ad/ad.js""></script><script type=""text/javascript"">a8adscript('body').showAd({""req"": {""mat"":""35O4IG+69NB1U+45DI+BWGDT"",""alt"":""商品リンク"",""id"":""3moO5WH-g7-s7BQ4IM""},""goods"": {""ejp"":""h""+""ttps://www.myprotein.jp/sports-nutrition/impact-whey-protein/10530943.html"",""imu"":""h""+""ttps://s1.thcdn.com//productimg/1600/1600/10530943-1504726884876366.jpg""}});</script>",https://www.myprotein.jp/
プロテイン,MYPROTEIN,Impact ホエイ プロテイン,海外,ロッキーロード,6890,公式ＨＰ,100,103,1.9,1,21,"<span class=""a8ad 3moO5WH-g7-s7BQ4IM""></span><script type=""text/javascript"" src=""//statics.a8.net/ad/ad.js""></script><script type=""text/javascript"">a8adscript('body').showAd({""req"": {""mat"":""35O4IG+69NB1U+45DI+BWGDT"",""alt"":""商品リンク"",""id"":""3moO5WH-g7-s7BQ4IM""},""goods"": {""ejp"":""h""+""ttps://www.myprotein.jp/sports-nutrition/impact-whey-protein/10530943.html"",""imu"":""h""+""ttps://s1.thcdn.com//productimg/1600/1600/10530943-1504726884876366.jpg""}});</script>",https://www.myprotein.jp/
プロテイン,MYPROTEIN,Impact ホエイ プロテイン,海外,ロッキーロード,12690,公式ＨＰ,200,103,1.9,1,21,"<span class=""a8ad 3moO5WH-g7-s7BQ4IM""></span><script type=""text/javascript"" src=""//statics.a8.net/ad/ad.js""></script><script type=""text/javascript"">a8adscript('body').showAd({""req"": {""mat"":""35O4IG+69NB1U+45DI+BWGDT"",""alt"":""商品リンク"",""id"":""3moO5WH-g7-s7BQ4IM""},""goods"": {""ejp"":""h""+""ttps://www.myprotein.jp/sports-nutrition/impact-whey-protein/10530943.html"",""imu"":""h""+""ttps://s1.thcdn.com//productimg/1600/1600/10530943-1504726884876366.jpg""}});</script>",https://www.myprotein.jp/
プロテイン,MYPROTEIN,Impact ホエイ プロテイン,海外,ロッキーロード,1290,公式ＨＰ,10,103,1.9,1,21,"<span class=""a8ad 3moO5WH-g7-s7BQ4IM""></span><script type=""text/javascript"" src=""//statics.a8.net/ad/ad.js""></script><script type=""text/javascript"">a8adscript('body').showAd({""req"": {""mat"":""35O4IG+69NB1U+45DI+BWGDT"",""alt"":""商品リンク"",""id"":""3moO5WH-g7-s7BQ4IM""},""goods"": {""ejp"":""h""+""ttps://www.myprotein.jp/sports-nutrition/impact-whey-protein/10530943.html"",""imu"":""h""+""ttps://s1.thcdn.com//productimg/1600/1600/10530943-1504726884876366.jpg""}});</script>",https://www.myprotein.jp/
プロテイン,MYPROTEIN,Impact ホエイ プロテイン,海外,北海道ミルク,3990,公式ＨＰ,40,103,1.9,1,21,"<span class=""a8ad 3moO5WH-g7-s7BQbTO""></span><script type=""text/javascript"" src=""//statics.a8.net/ad/ad.js""></script><script type=""text/javascript"">a8adscript('body').showAd({""req"": {""mat"":""35O4IG+69NB1U+45DI+BWGDT"",""alt"":""商品リンク"",""id"":""3moO5WH-g7-s7BQbTO""},""goods"": {""ejp"":""h""+""ttps://www.myprotein.jp/sports-nutrition/impact-whey-protein/10530943.html"",""imu"":""h""+""ttps://s1.thcdn.com//productimg/1600/1600/11884249-4094790439881856.jpg""}});</script>",https://www.myprotein.jp/
プロテイン,MYPROTEIN,Impact ホエイ プロテイン,海外,北海道ミルク,6890,公式ＨＰ,100,103,1.9,1,21,"<span class=""a8ad 3moO5WH-g7-s7BQbTO""></span><script type=""text/javascript"" src=""//statics.a8.net/ad/ad.js""></script><script type=""text/javascript"">a8adscript('body').showAd({""req"": {""mat"":""35O4IG+69NB1U+45DI+BWGDT"",""alt"":""商品リンク"",""id"":""3moO5WH-g7-s7BQbTO""},""goods"": {""ejp"":""h""+""ttps://www.myprotein.jp/sports-nutrition/impact-whey-protein/10530943.html"",""imu"":""h""+""ttps://s1.thcdn.com//productimg/1600/1600/11884249-4094790439881856.jpg""}});</script>",https://www.myprotein.jp/
プロテイン,MYPROTEIN,Impact ホエイ プロテイン,海外,北海道ミルク,1290,公式ＨＰ,10,103,1.9,1,21,"<span class=""a8ad 3moO5WH-g7-s7BQbTO""></span><script type=""text/javascript"" src=""//statics.a8.net/ad/ad.js""></script><script type=""text/javascript"">a8adscript('body').showAd({""req"": {""mat"":""35O4IG+69NB1U+45DI+BWGDT"",""alt"":""商品リンク"",""id"":""3moO5WH-g7-s7BQbTO""},""goods"": {""ejp"":""h""+""ttps://www.myprotein.jp/sports-nutrition/impact-whey-protein/10530943.html"",""imu"":""h""+""ttps://s1.thcdn.com//productimg/1600/1600/11884249-4094790439881856.jpg""}});</script>",https://www.myprotein.jp/
