アイテム名,ブランド,サプリ名,ブランド国,味,価格（税込）,価格タグ,使用回数（目安）,カロリー,脂質,炭水化物,タンパク質,画像ＵＲＬ,公式ＵＲＬ
プロテイン,MYPROTEIN,ソイ プロテイン アイソレート,海外,チョコレートスムーズ,2290,公式ＨＰ,33,108,0.5,0.5,27,"<a href=""https://s1.thcdn.com/productimg/1600/1600/10529701-3534620651125286.jpg"" class=""http-image""><img src=""https://s1.thcdn.com/productimg/1600/1600/10529701-3534620651125286.jpg"" class=""http-image"" alt=""https://s1.thcdn.com/productimg/1600/1600/10529701-3534620651125286.jpg"" /></a>",https://www.myprotein.jp/
プロテイン,MYPROTEIN,ソイ プロテイン アイソレート,海外,チョコレートスムーズ,4690,公式ＨＰ,83,108,0.5,0.5,27,"<a href=""https://s1.thcdn.com/productimg/1600/1600/10529701-3534620651125286.jpg"" class=""http-image""><img src=""https://s1.thcdn.com/productimg/1600/1600/10529701-3534620651125286.jpg"" class=""http-image"" alt=""https://s1.thcdn.com/productimg/1600/1600/10529701-3534620651125286.jpg"" /></a>",https://www.myprotein.jp/
プロテイン,MYPROTEIN,ソイ プロテイン アイソレート,海外,チョコレートスムーズ,1290,公式ＨＰ,17,108,0.5,0.5,27,"<a href=""https://s1.thcdn.com/productimg/1600/1600/10529701-3534620651125286.jpg"" class=""http-image""><img src=""https://s1.thcdn.com/productimg/1600/1600/10529701-3534620651125286.jpg"" class=""http-image"" alt=""https://s1.thcdn.com/productimg/1600/1600/10529701-3534620651125286.jpg"" /></a>",https://www.myprotein.jp/
プロテイン,MYPROTEIN,ソイ プロテイン アイソレート,海外,ナチュラルストロベリー,2290,公式ＨＰ,33,108,0.5,0.5,27,"<a href=""https://s1.thcdn.com/productimg/1600/1600/10529701-3534620651125286.jpg"" class=""http-image""><img src=""https://s1.thcdn.com/productimg/1600/1600/10529701-3534620651125286.jpg"" class=""http-image"" alt=""https://s1.thcdn.com/productimg/1600/1600/10529701-3534620651125286.jpg"" /></a>",https://www.myprotein.jp/
プロテイン,MYPROTEIN,ソイ プロテイン アイソレート,海外,ナチュラルストロベリー,4690,公式ＨＰ,83,108,0.5,0.5,27,"<a href=""https://s1.thcdn.com/productimg/1600/1600/10529701-3534620651125286.jpg"" class=""http-image""><img src=""https://s1.thcdn.com/productimg/1600/1600/10529701-3534620651125286.jpg"" class=""http-image"" alt=""https://s1.thcdn.com/productimg/1600/1600/10529701-3534620651125286.jpg"" /></a>",https://www.myprotein.jp/
プロテイン,MYPROTEIN,ソイ プロテイン アイソレート,海外,ナチュラルストロベリー,1290,公式ＨＰ,17,108,0.5,0.5,27,"<a href=""https://s1.thcdn.com/productimg/1600/1600/10529701-3534620651125286.jpg"" class=""http-image""><img src=""https://s1.thcdn.com/productimg/1600/1600/10529701-3534620651125286.jpg"" class=""http-image"" alt=""https://s1.thcdn.com/productimg/1600/1600/10529701-3534620651125286.jpg"" /></a>",https://www.myprotein.jp/
プロテイン,MYPROTEIN,ソイ プロテイン アイソレート,海外,ノンフレーバー,2290,公式ＨＰ,33,108,0.5,0.5,27,"<a href=""https://s1.thcdn.com/productimg/1600/1600/10529701-3534620651125286.jpg"" class=""http-image""><img src=""https://s1.thcdn.com/productimg/1600/1600/10529701-3534620651125286.jpg"" class=""http-image"" alt=""https://s1.thcdn.com/productimg/1600/1600/10529701-3534620651125286.jpg"" /></a>",https://www.myprotein.jp/
プロテイン,MYPROTEIN,ソイ プロテイン アイソレート,海外,ノンフレーバー,4690,公式ＨＰ,83,108,0.5,0.5,27,"<a href=""https://s1.thcdn.com/productimg/1600/1600/10529701-3534620651125286.jpg"" class=""http-image""><img src=""https://s1.thcdn.com/productimg/1600/1600/10529701-3534620651125286.jpg"" class=""http-image"" alt=""https://s1.thcdn.com/productimg/1600/1600/10529701-3534620651125286.jpg"" /></a>",https://www.myprotein.jp/
プロテイン,MYPROTEIN,ソイ プロテイン アイソレート,海外,ノンフレーバー,1290,公式ＨＰ,17,108,0.5,0.5,27,"<a href=""https://s1.thcdn.com/productimg/1600/1600/10529701-3534620651125286.jpg"" class=""http-image""><img src=""https://s1.thcdn.com/productimg/1600/1600/10529701-3534620651125286.jpg"" class=""http-image"" alt=""https://s1.thcdn.com/productimg/1600/1600/10529701-3534620651125286.jpg"" /></a>",https://www.myprotein.jp/
プロテイン,MYPROTEIN,ソイ プロテイン アイソレート,海外,バニラ,4690,公式ＨＰ,83,108,0.5,0.5,27,"<a href=""https://s1.thcdn.com/productimg/1600/1600/10529701-3534620651125286.jpg"" class=""http-image""><img src=""https://s1.thcdn.com/productimg/1600/1600/10529701-3534620651125286.jpg"" class=""http-image"" alt=""https://s1.thcdn.com/productimg/1600/1600/10529701-3534620651125286.jpg"" /></a>",https://www.myprotein.jp/
プロテイン,MYPROTEIN,ソイ プロテイン アイソレート,海外,バニラ,1290,公式ＨＰ,17,108,0.5,0.5,27,"<a href=""https://s1.thcdn.com/productimg/1600/1600/10529701-3534620651125286.jpg"" class=""http-image""><img src=""https://s1.thcdn.com/productimg/1600/1600/10529701-3534620651125286.jpg"" class=""http-image"" alt=""https://s1.thcdn.com/productimg/1600/1600/10529701-3534620651125286.jpg"" /></a>",https://www.myprotein.jp/
アミノ酸,MYPROTEIN,BCAA 2:1:1 パウダー,海外,Cranberry and Pomegranate,8090,公式ＨＰ,200,,,,,"<a href=""https://s1.thcdn.com//productimg/1600/1600/10529280-8804723327328154.jpg"" class=""http-image""><img src=""https://s1.thcdn.com//productimg/1600/1600/10529280-8804723327328154.jpg"" class=""http-image"" alt=""https://s1.thcdn.com//productimg/1600/1600/10529280-8804723327328154.jpg"" /></a>",https://www.myprotein.jp/
アミノ酸,MYPROTEIN,BCAA 2:1:1 パウダー,海外,Earl Grey,8490,公式ＨＰ,200,,,,,"<a href=""https://s1.thcdn.com//productimg/1600/1600/12185018-8324714962249036.jpg"" class=""http-image""><img src=""https://s1.thcdn.com//productimg/1600/1600/12185018-8324714962249036.jpg"" class=""http-image"" alt=""https://s1.thcdn.com//productimg/1600/1600/12185018-8324714962249036.jpg"" /></a>",https://www.myprotein.jp/
アミノ酸,MYPROTEIN,BCAA 2:1:1 パウダー,海外,Earl Grey,3790,公式ＨＰ,50,,,,,"<a href=""https://s1.thcdn.com//productimg/1600/1600/12185018-8324714962249036.jpg"" class=""http-image""><img src=""https://s1.thcdn.com//productimg/1600/1600/12185018-8324714962249036.jpg"" class=""http-image"" alt=""https://s1.thcdn.com//productimg/1600/1600/12185018-8324714962249036.jpg"" /></a>",https://www.myprotein.jp/
アミノ酸,MYPROTEIN,BCAA 2:1:1 パウダー,海外,Gin and Tonic,3590,公式ＨＰ,50,,,,,"<a href=""https://s1.thcdn.com//productimg/1600/1600/10529280-8804723327328154.jpg"" class=""http-image""><img src=""https://s1.thcdn.com//productimg/1600/1600/10529280-8804723327328154.jpg"" class=""http-image"" alt=""https://s1.thcdn.com//productimg/1600/1600/10529280-8804723327328154.jpg"" /></a>",https://www.myprotein.jp/
アミノ酸,MYPROTEIN,BCAA 2:1:1 パウダー,海外,Melon,8090,公式ＨＰ,200,,,,,"<a href=""https://s1.thcdn.com//productimg/1600/1600/12520874-1714773839310018.jpg"" class=""http-image""><img src=""https://s1.thcdn.com//productimg/1600/1600/12520874-1714773839310018.jpg"" class=""http-image"" alt=""https://s1.thcdn.com//productimg/1600/1600/12520874-1714773839310018.jpg"" /></a>",https://www.myprotein.jp/
アミノ酸,MYPROTEIN,BCAA 2:1:1 パウダー,海外,Melon,3590,公式ＨＰ,50,,,,,"<a href=""https://s1.thcdn.com//productimg/1600/1600/12520874-1714773839310018.jpg"" class=""http-image""><img src=""https://s1.thcdn.com//productimg/1600/1600/12520874-1714773839310018.jpg"" class=""http-image"" alt=""https://s1.thcdn.com//productimg/1600/1600/12520874-1714773839310018.jpg"" /></a>",https://www.myprotein.jp/
アミノ酸,MYPROTEIN,BCAA 2:1:1 パウダー,海外,Melon,5290,公式ＨＰ,100,,,,,"<a href=""https://s1.thcdn.com//productimg/1600/1600/12520874-1714773839310018.jpg"" class=""http-image""><img src=""https://s1.thcdn.com//productimg/1600/1600/12520874-1714773839310018.jpg"" class=""http-image"" alt=""https://s1.thcdn.com//productimg/1600/1600/12520874-1714773839310018.jpg"" /></a>",https://www.myprotein.jp/
アミノ酸,MYPROTEIN,BCAA 2:1:1 パウダー,海外,Natural Apple Pear,8090,公式ＨＰ,200,,,,,"<a href=""https://s1.thcdn.com//productimg/1600/1600/10529280-8804723327328154.jpg"" class=""http-image""><img src=""https://s1.thcdn.com//productimg/1600/1600/10529280-8804723327328154.jpg"" class=""http-image"" alt=""https://s1.thcdn.com//productimg/1600/1600/10529280-8804723327328154.jpg"" /></a>",https://www.myprotein.jp/
アミノ酸,MYPROTEIN,BCAA 2:1:1 パウダー,海外,Pastis,3590,公式ＨＰ,50,,,,,"<a href=""https://s1.thcdn.com//productimg/1600/1600/10529280-8804723327328154.jpg"" class=""http-image""><img src=""https://s1.thcdn.com//productimg/1600/1600/10529280-8804723327328154.jpg"" class=""http-image"" alt=""https://s1.thcdn.com//productimg/1600/1600/10529280-8804723327328154.jpg"" /></a>",https://www.myprotein.jp/
アミノ酸,MYPROTEIN,BCAA 2:1:1 パウダー,海外,アイスティー,3590,公式ＨＰ,50,,,,,"<a href=""https://s1.thcdn.com//productimg/1600/1600/10529280-8804723327328154.jpg"" class=""http-image""><img src=""https://s1.thcdn.com//productimg/1600/1600/10529280-8804723327328154.jpg"" class=""http-image"" alt=""https://s1.thcdn.com//productimg/1600/1600/10529280-8804723327328154.jpg"" /></a>",https://www.myprotein.jp/
アミノ酸,MYPROTEIN,BCAA 2:1:1 パウダー,海外,あずき,8090,公式ＨＰ,200,,,,,"<a href=""https://s1.thcdn.com//productimg/1600/1600/10529280-8804723327328154.jpg"" class=""http-image""><img src=""https://s1.thcdn.com//productimg/1600/1600/10529280-8804723327328154.jpg"" class=""http-image"" alt=""https://s1.thcdn.com//productimg/1600/1600/10529280-8804723327328154.jpg"" /></a>",https://www.myprotein.jp/
アミノ酸,MYPROTEIN,BCAA 2:1:1 パウダー,海外,あずき,3590,公式ＨＰ,50,,,,,"<a href=""https://s1.thcdn.com//productimg/1600/1600/10529280-8804723327328154.jpg"" class=""http-image""><img src=""https://s1.thcdn.com//productimg/1600/1600/10529280-8804723327328154.jpg"" class=""http-image"" alt=""https://s1.thcdn.com//productimg/1600/1600/10529280-8804723327328154.jpg"" /></a>",https://www.myprotein.jp/
アミノ酸,MYPROTEIN,BCAA 2:1:1 パウダー,海外,キウイ,3590,公式ＨＰ,50,,,,,"<a href=""https://s1.thcdn.com//productimg/1600/1600/10529280-8804723327328154.jpg"" class=""http-image""><img src=""https://s1.thcdn.com//productimg/1600/1600/10529280-8804723327328154.jpg"" class=""http-image"" alt=""https://s1.thcdn.com//productimg/1600/1600/10529280-8804723327328154.jpg"" /></a>",https://www.myprotein.jp/
アミノ酸,MYPROTEIN,BCAA 2:1:1 パウダー,海外,グレープ,8090,公式ＨＰ,200,,,,,"<a href=""https://s1.thcdn.com//productimg/1600/1600/10529280-8804723327328154.jpg"" class=""http-image""><img src=""https://s1.thcdn.com//productimg/1600/1600/10529280-8804723327328154.jpg"" class=""http-image"" alt=""https://s1.thcdn.com//productimg/1600/1600/10529280-8804723327328154.jpg"" /></a>",https://www.myprotein.jp/
アミノ酸,MYPROTEIN,BCAA 2:1:1 パウダー,海外,グレープ,3590,公式ＨＰ,50,,,,,"<a href=""https://s1.thcdn.com//productimg/1600/1600/10529280-8804723327328154.jpg"" class=""http-image""><img src=""https://s1.thcdn.com//productimg/1600/1600/10529280-8804723327328154.jpg"" class=""http-image"" alt=""https://s1.thcdn.com//productimg/1600/1600/10529280-8804723327328154.jpg"" /></a>",https://www.myprotein.jp/
アミノ酸,MYPROTEIN,BCAA 2:1:1 パウダー,海外,グレナディン,3590,公式ＨＰ,50,,,,,"<a href=""https://s1.thcdn.com//productimg/1600/1600/10529280-8804723327328154.jpg"" class=""http-image""><img src=""https://s1.thcdn.com//productimg/1600/1600/10529280-8804723327328154.jpg"" class=""http-image"" alt=""https://s1.thcdn.com//productimg/1600/1600/10529280-8804723327328154.jpg"" /></a>",https://www.myprotein.jp/
アミノ酸,MYPROTEIN,BCAA 2:1:1 パウダー,海外,コーラ,8090,公式ＨＰ,200,,,,,"<a href=""https://s1.thcdn.com//productimg/1600/1600/10529280-8804723327328154.jpg"" class=""http-image""><img src=""https://s1.thcdn.com//productimg/1600/1600/10529280-8804723327328154.jpg"" class=""http-image"" alt=""https://s1.thcdn.com//productimg/1600/1600/10529280-8804723327328154.jpg"" /></a>",https://www.myprotein.jp/
アミノ酸,MYPROTEIN,BCAA 2:1:1 パウダー,海外,コーラ,3590,公式ＨＰ,50,,,,,"<a href=""https://s1.thcdn.com//productimg/1600/1600/10529280-8804723327328154.jpg"" class=""http-image""><img src=""https://s1.thcdn.com//productimg/1600/1600/10529280-8804723327328154.jpg"" class=""http-image"" alt=""https://s1.thcdn.com//productimg/1600/1600/10529280-8804723327328154.jpg"" /></a>",https://www.myprotein.jp/
アミノ酸,MYPROTEIN,BCAA 2:1:1 パウダー,海外,コーラ,5290,公式ＨＰ,100,,,,,"<a href=""https://s1.thcdn.com//productimg/1600/1600/10529280-8804723327328154.jpg"" class=""http-image""><img src=""https://s1.thcdn.com//productimg/1600/1600/10529280-8804723327328154.jpg"" class=""http-image"" alt=""https://s1.thcdn.com//productimg/1600/1600/10529280-8804723327328154.jpg"" /></a>",https://www.myprotein.jp/
アミノ酸,MYPROTEIN,BCAA 2:1:1 パウダー,海外,スイカ,8090,公式ＨＰ,200,,,,,"<a href=""https://s1.thcdn.com//productimg/1600/1600/10529280-8804723327328154.jpg"" class=""http-image""><img src=""https://s1.thcdn.com//productimg/1600/1600/10529280-8804723327328154.jpg"" class=""http-image"" alt=""https://s1.thcdn.com//productimg/1600/1600/10529280-8804723327328154.jpg"" /></a>",https://www.myprotein.jp/
アミノ酸,MYPROTEIN,BCAA 2:1:1 パウダー,海外,スイカ,3590,公式ＨＰ,50,,,,,"<a href=""https://s1.thcdn.com//productimg/1600/1600/10529280-8804723327328154.jpg"" class=""http-image""><img src=""https://s1.thcdn.com//productimg/1600/1600/10529280-8804723327328154.jpg"" class=""http-image"" alt=""https://s1.thcdn.com//productimg/1600/1600/10529280-8804723327328154.jpg"" /></a>",https://www.myprotein.jp/
アミノ酸,MYPROTEIN,BCAA 2:1:1 パウダー,海外,スイカ,5290,公式ＨＰ,100,,,,,"<a href=""https://s1.thcdn.com//productimg/1600/1600/10529280-8804723327328154.jpg"" class=""http-image""><img src=""https://s1.thcdn.com//productimg/1600/1600/10529280-8804723327328154.jpg"" class=""http-image"" alt=""https://s1.thcdn.com//productimg/1600/1600/10529280-8804723327328154.jpg"" /></a>",https://www.myprotein.jp/
アミノ酸,MYPROTEIN,BCAA 2:1:1 パウダー,海外,ストロベリーライム,8090,公式ＨＰ,200,,,,,"<a href=""https://s1.thcdn.com//productimg/1600/1600/10529280-8804723327328154.jpg"" class=""http-image""><img src=""https://s1.thcdn.com//productimg/1600/1600/10529280-8804723327328154.jpg"" class=""http-image"" alt=""https://s1.thcdn.com//productimg/1600/1600/10529280-8804723327328154.jpg"" /></a>",https://www.myprotein.jp/
アミノ酸,MYPROTEIN,BCAA 2:1:1 パウダー,海外,ストロベリーライム,3590,公式ＨＰ,50,,,,,"<a href=""https://s1.thcdn.com//productimg/1600/1600/10529280-8804723327328154.jpg"" class=""http-image""><img src=""https://s1.thcdn.com//productimg/1600/1600/10529280-8804723327328154.jpg"" class=""http-image"" alt=""https://s1.thcdn.com//productimg/1600/1600/10529280-8804723327328154.jpg"" /></a>",https://www.myprotein.jp/
アミノ酸,MYPROTEIN,BCAA 2:1:1 パウダー,海外,ストロベリーライム,5290,公式ＨＰ,100,,,,,"<a href=""https://s1.thcdn.com//productimg/1600/1600/10529280-8804723327328154.jpg"" class=""http-image""><img src=""https://s1.thcdn.com//productimg/1600/1600/10529280-8804723327328154.jpg"" class=""http-image"" alt=""https://s1.thcdn.com//productimg/1600/1600/10529280-8804723327328154.jpg"" /></a>",https://www.myprotein.jp/
アミノ酸,MYPROTEIN,BCAA 2:1:1 パウダー,海外,トロピカル,8090,公式ＨＰ,200,,,,,"<a href=""https://s1.thcdn.com//productimg/1600/1600/10529280-8804723327328154.jpg"" class=""http-image""><img src=""https://s1.thcdn.com//productimg/1600/1600/10529280-8804723327328154.jpg"" class=""http-image"" alt=""https://s1.thcdn.com//productimg/1600/1600/10529280-8804723327328154.jpg"" /></a>",https://www.myprotein.jp/
アミノ酸,MYPROTEIN,BCAA 2:1:1 パウダー,海外,トロピカル,3590,公式ＨＰ,50,,,,,"<a href=""https://s1.thcdn.com//productimg/1600/1600/10529280-8804723327328154.jpg"" class=""http-image""><img src=""https://s1.thcdn.com//productimg/1600/1600/10529280-8804723327328154.jpg"" class=""http-image"" alt=""https://s1.thcdn.com//productimg/1600/1600/10529280-8804723327328154.jpg"" /></a>",https://www.myprotein.jp/
アミノ酸,MYPROTEIN,BCAA 2:1:1 パウダー,海外,トロピカル,5290,公式ＨＰ,100,,,,,"<a href=""https://s1.thcdn.com//productimg/1600/1600/10529280-8804723327328154.jpg"" class=""http-image""><img src=""https://s1.thcdn.com//productimg/1600/1600/10529280-8804723327328154.jpg"" class=""http-image"" alt=""https://s1.thcdn.com//productimg/1600/1600/10529280-8804723327328154.jpg"" /></a>",https://www.myprotein.jp/
アミノ酸,MYPROTEIN,BCAA 2:1:1 パウダー,海外,ノンフレーバー,8090,公式ＨＰ,200,,,,,"<a href=""https://s1.thcdn.com//productimg/1600/1600/10529280-8804723327328154.jpg"" class=""http-image""><img src=""https://s1.thcdn.com//productimg/1600/1600/10529280-8804723327328154.jpg"" class=""http-image"" alt=""https://s1.thcdn.com//productimg/1600/1600/10529280-8804723327328154.jpg"" /></a>",https://www.myprotein.jp/
アミノ酸,MYPROTEIN,BCAA 2:1:1 パウダー,海外,ノンフレーバー,3590,公式ＨＰ,50,,,,,"<a href=""https://s1.thcdn.com//productimg/1600/1600/10529280-8804723327328154.jpg"" class=""http-image""><img src=""https://s1.thcdn.com//productimg/1600/1600/10529280-8804723327328154.jpg"" class=""http-image"" alt=""https://s1.thcdn.com//productimg/1600/1600/10529280-8804723327328154.jpg"" /></a>",https://www.myprotein.jp/
アミノ酸,MYPROTEIN,BCAA 2:1:1 パウダー,海外,ノンフレーバー,5290,公式ＨＰ,100,,,,,"<a href=""https://s1.thcdn.com//productimg/1600/1600/10529280-8804723327328154.jpg"" class=""http-image""><img src=""https://s1.thcdn.com//productimg/1600/1600/10529280-8804723327328154.jpg"" class=""http-image"" alt=""https://s1.thcdn.com//productimg/1600/1600/10529280-8804723327328154.jpg"" /></a>",https://www.myprotein.jp/
アミノ酸,MYPROTEIN,BCAA 2:1:1 パウダー,海外,ビターレモン,8090,公式ＨＰ,200,,,,,"<a href=""https://s1.thcdn.com//productimg/1600/1600/10529280-8804723327328154.jpg"" class=""http-image""><img src=""https://s1.thcdn.com//productimg/1600/1600/10529280-8804723327328154.jpg"" class=""http-image"" alt=""https://s1.thcdn.com//productimg/1600/1600/10529280-8804723327328154.jpg"" /></a>",https://www.myprotein.jp/
アミノ酸,MYPROTEIN,BCAA 2:1:1 パウダー,海外,ビターレモン,3590,公式ＨＰ,50,,,,,"<a href=""https://s1.thcdn.com//productimg/1600/1600/10529280-8804723327328154.jpg"" class=""http-image""><img src=""https://s1.thcdn.com//productimg/1600/1600/10529280-8804723327328154.jpg"" class=""http-image"" alt=""https://s1.thcdn.com//productimg/1600/1600/10529280-8804723327328154.jpg"" /></a>",https://www.myprotein.jp/
アミノ酸,MYPROTEIN,BCAA 2:1:1 パウダー,海外,ビターレモン,5290,公式ＨＰ,100,,,,,"<a href=""https://s1.thcdn.com//productimg/1600/1600/10529280-8804723327328154.jpg"" class=""http-image""><img src=""https://s1.thcdn.com//productimg/1600/1600/10529280-8804723327328154.jpg"" class=""http-image"" alt=""https://s1.thcdn.com//productimg/1600/1600/10529280-8804723327328154.jpg"" /></a>",https://www.myprotein.jp/
アミノ酸,MYPROTEIN,BCAA 2:1:1 パウダー,海外,ピーチマンゴー,8090,公式ＨＰ,200,,,,,"<a href=""https://s1.thcdn.com//productimg/1600/1600/10529280-8804723327328154.jpg"" class=""http-image""><img src=""https://s1.thcdn.com//productimg/1600/1600/10529280-8804723327328154.jpg"" class=""http-image"" alt=""https://s1.thcdn.com//productimg/1600/1600/10529280-8804723327328154.jpg"" /></a>",https://www.myprotein.jp/
アミノ酸,MYPROTEIN,BCAA 2:1:1 パウダー,海外,ピーチマンゴー,3590,公式ＨＰ,50,,,,,"<a href=""https://s1.thcdn.com//productimg/1600/1600/10529280-8804723327328154.jpg"" class=""http-image""><img src=""https://s1.thcdn.com//productimg/1600/1600/10529280-8804723327328154.jpg"" class=""http-image"" alt=""https://s1.thcdn.com//productimg/1600/1600/10529280-8804723327328154.jpg"" /></a>",https://www.myprotein.jp/
アミノ酸,MYPROTEIN,BCAA 2:1:1 パウダー,海外,ピーチマンゴー,5290,公式ＨＰ,100,,,,,"<a href=""https://s1.thcdn.com//productimg/1600/1600/10529280-8804723327328154.jpg"" class=""http-image""><img src=""https://s1.thcdn.com//productimg/1600/1600/10529280-8804723327328154.jpg"" class=""http-image"" alt=""https://s1.thcdn.com//productimg/1600/1600/10529280-8804723327328154.jpg"" /></a>",https://www.myprotein.jp/
アミノ酸,MYPROTEIN,BCAA 2:1:1 パウダー,海外,プラム,8090,公式ＨＰ,200,,,,,"<a href=""https://s1.thcdn.com//productimg/1600/1600/10529280-8804723327328154.jpg"" class=""http-image""><img src=""https://s1.thcdn.com//productimg/1600/1600/10529280-8804723327328154.jpg"" class=""http-image"" alt=""https://s1.thcdn.com//productimg/1600/1600/10529280-8804723327328154.jpg"" /></a>",https://www.myprotein.jp/
アミノ酸,MYPROTEIN,BCAA 2:1:1 パウダー,海外,プラム,3590,公式ＨＰ,50,,,,,"<a href=""https://s1.thcdn.com//productimg/1600/1600/10529280-8804723327328154.jpg"" class=""http-image""><img src=""https://s1.thcdn.com//productimg/1600/1600/10529280-8804723327328154.jpg"" class=""http-image"" alt=""https://s1.thcdn.com//productimg/1600/1600/10529280-8804723327328154.jpg"" /></a>",https://www.myprotein.jp/
アミノ酸,MYPROTEIN,BCAA 2:1:1 パウダー,海外,プラム,5290,公式ＨＰ,100,,,,,"<a href=""https://s1.thcdn.com//productimg/1600/1600/10529280-8804723327328154.jpg"" class=""http-image""><img src=""https://s1.thcdn.com//productimg/1600/1600/10529280-8804723327328154.jpg"" class=""http-image"" alt=""https://s1.thcdn.com//productimg/1600/1600/10529280-8804723327328154.jpg"" /></a>",https://www.myprotein.jp/
アミノ酸,MYPROTEIN,BCAA 2:1:1 パウダー,海外,ブルーラズベリー,8090,公式ＨＰ,200,,,,,"<a href=""https://s1.thcdn.com//productimg/1600/1600/10529280-8804723327328154.jpg"" class=""http-image""><img src=""https://s1.thcdn.com//productimg/1600/1600/10529280-8804723327328154.jpg"" class=""http-image"" alt=""https://s1.thcdn.com//productimg/1600/1600/10529280-8804723327328154.jpg"" /></a>",https://www.myprotein.jp/
アミノ酸,MYPROTEIN,BCAA 2:1:1 パウダー,海外,ブルーラズベリー,3590,公式ＨＰ,50,,,,,"<a href=""https://s1.thcdn.com//productimg/1600/1600/10529280-8804723327328154.jpg"" class=""http-image""><img src=""https://s1.thcdn.com//productimg/1600/1600/10529280-8804723327328154.jpg"" class=""http-image"" alt=""https://s1.thcdn.com//productimg/1600/1600/10529280-8804723327328154.jpg"" /></a>",https://www.myprotein.jp/
アミノ酸,MYPROTEIN,BCAA 2:1:1 パウダー,海外,ブルーラズベリー,5290,公式ＨＰ,100,,,,,"<a href=""https://s1.thcdn.com//productimg/1600/1600/10529280-8804723327328154.jpg"" class=""http-image""><img src=""https://s1.thcdn.com//productimg/1600/1600/10529280-8804723327328154.jpg"" class=""http-image"" alt=""https://s1.thcdn.com//productimg/1600/1600/10529280-8804723327328154.jpg"" /></a>",https://www.myprotein.jp/
アミノ酸,MYPROTEIN,BCAA 2:1:1 パウダー,海外,ベリーバースト,8090,公式ＨＰ,200,,,,,"<a href=""https://s1.thcdn.com//productimg/1600/1600/10529280-8804723327328154.jpg"" class=""http-image""><img src=""https://s1.thcdn.com//productimg/1600/1600/10529280-8804723327328154.jpg"" class=""http-image"" alt=""https://s1.thcdn.com//productimg/1600/1600/10529280-8804723327328154.jpg"" /></a>",https://www.myprotein.jp/
アミノ酸,MYPROTEIN,BCAA 2:1:1 パウダー,海外,ベリーバースト,3590,公式ＨＰ,50,,,,,"<a href=""https://s1.thcdn.com//productimg/1600/1600/10529280-8804723327328154.jpg"" class=""http-image""><img src=""https://s1.thcdn.com//productimg/1600/1600/10529280-8804723327328154.jpg"" class=""http-image"" alt=""https://s1.thcdn.com//productimg/1600/1600/10529280-8804723327328154.jpg"" /></a>",https://www.myprotein.jp/
アミノ酸,MYPROTEIN,BCAA 2:1:1 パウダー,海外,ベリーバースト,5290,公式ＨＰ,100,,,,,"<a href=""https://s1.thcdn.com//productimg/1600/1600/10529280-8804723327328154.jpg"" class=""http-image""><img src=""https://s1.thcdn.com//productimg/1600/1600/10529280-8804723327328154.jpg"" class=""http-image"" alt=""https://s1.thcdn.com//productimg/1600/1600/10529280-8804723327328154.jpg"" /></a>",https://www.myprotein.jp/
アミノ酸,MYPROTEIN,BCAA 2:1:1 パウダー,海外,モヒート,3590,公式ＨＰ,50,,,,,"<a href=""https://s1.thcdn.com//productimg/1600/1600/10529280-8804723327328154.jpg"" class=""http-image""><img src=""https://s1.thcdn.com//productimg/1600/1600/10529280-8804723327328154.jpg"" class=""http-image"" alt=""https://s1.thcdn.com//productimg/1600/1600/10529280-8804723327328154.jpg"" /></a>",https://www.myprotein.jp/
アミノ酸,MYPROTEIN,BCAA 2:1:1 パウダー,海外,ゆず,8090,公式ＨＰ,200,,,,,"<a href=""https://s1.thcdn.com//productimg/1600/1600/10529280-8804723327328154.jpg"" class=""http-image""><img src=""https://s1.thcdn.com//productimg/1600/1600/10529280-8804723327328154.jpg"" class=""http-image"" alt=""https://s1.thcdn.com//productimg/1600/1600/10529280-8804723327328154.jpg"" /></a>",https://www.myprotein.jp/
アミノ酸,MYPROTEIN,BCAA 2:1:1 パウダー,海外,ゆず,3590,公式ＨＰ,50,,,,,"<a href=""https://s1.thcdn.com//productimg/1600/1600/10529280-8804723327328154.jpg"" class=""http-image""><img src=""https://s1.thcdn.com//productimg/1600/1600/10529280-8804723327328154.jpg"" class=""http-image"" alt=""https://s1.thcdn.com//productimg/1600/1600/10529280-8804723327328154.jpg"" /></a>",https://www.myprotein.jp/
アミノ酸,MYPROTEIN,BCAA 2:1:1 パウダー,海外,ゆず,5290,公式ＨＰ,100,,,,,"<a href=""https://s1.thcdn.com//productimg/1600/1600/10529280-8804723327328154.jpg"" class=""http-image""><img src=""https://s1.thcdn.com//productimg/1600/1600/10529280-8804723327328154.jpg"" class=""http-image"" alt=""https://s1.thcdn.com//productimg/1600/1600/10529280-8804723327328154.jpg"" /></a>",https://www.myprotein.jp/
アミノ酸,MYPROTEIN,BCAA 2:1:1 パウダー,海外,ラムネ,8090,公式ＨＰ,200,,,,,"<a href=""https://s1.thcdn.com/productimg/1600/1600/12052898-2094686472686924.jpg"" class=""http-image""><img src=""https://s1.thcdn.com/productimg/1600/1600/12052898-2094686472686924.jpg"" class=""http-image"" alt=""https://s1.thcdn.com/productimg/1600/1600/12052898-2094686472686924.jpg"" /></a>",https://www.myprotein.jp/
アミノ酸,MYPROTEIN,BCAA 2:1:1 パウダー,海外,ラムネ,3590,公式ＨＰ,50,,,,,"<a href=""https://s1.thcdn.com/productimg/1600/1600/12052898-2094686472686924.jpg"" class=""http-image""><img src=""https://s1.thcdn.com/productimg/1600/1600/12052898-2094686472686924.jpg"" class=""http-image"" alt=""https://s1.thcdn.com/productimg/1600/1600/12052898-2094686472686924.jpg"" /></a>",https://www.myprotein.jp/
アミノ酸,MYPROTEIN,BCAA 2:1:1 パウダー,海外,ラムネ,5290,公式ＨＰ,100,,,,,"<a href=""https://s1.thcdn.com/productimg/1600/1600/12052898-2094686472686924.jpg"" class=""http-image""><img src=""https://s1.thcdn.com/productimg/1600/1600/12052898-2094686472686924.jpg"" class=""http-image"" alt=""https://s1.thcdn.com/productimg/1600/1600/12052898-2094686472686924.jpg"" /></a>",https://www.myprotein.jp/
アミノ酸,MYPROTEIN,Impact EAA,海外,Melon,11090,公式ＨＰ,142,,,,,"<a href=""https://s1.thcdn.com//productimg/1600/1600/12520871-1714773838994538.jpg"" class=""http-image""><img src=""https://s1.thcdn.com//productimg/1600/1600/12520871-1714773838994538.jpg"" class=""http-image"" alt=""https://s1.thcdn.com//productimg/1600/1600/12520871-1714773838994538.jpg"" /></a>",https://www.myprotein.jp/
アミノ酸,MYPROTEIN,Impact EAA,海外,Melon,5090,公式ＨＰ,35,,,,,"<a href=""https://s1.thcdn.com//productimg/1600/1600/12520871-1714773838994538.jpg"" class=""http-image""><img src=""https://s1.thcdn.com//productimg/1600/1600/12520871-1714773838994538.jpg"" class=""http-image"" alt=""https://s1.thcdn.com//productimg/1600/1600/12520871-1714773838994538.jpg"" /></a>",https://www.myprotein.jp/
アミノ酸,MYPROTEIN,Impact EAA,海外,Melon,7090,公式ＨＰ,71,,,,,"<a href=""https://s1.thcdn.com//productimg/1600/1600/12520871-1714773838994538.jpg"" class=""http-image""><img src=""https://s1.thcdn.com//productimg/1600/1600/12520871-1714773838994538.jpg"" class=""http-image"" alt=""https://s1.thcdn.com//productimg/1600/1600/12520871-1714773838994538.jpg"" /></a>",https://www.myprotein.jp/
アミノ酸,MYPROTEIN,Impact EAA,海外,Pink Grapefruit,11090,公式ＨＰ,142,,,,,"<a href=""https://s1.thcdn.com/productimg/1600/1600/11985042-7074656876639531.jpg"" class=""http-image""><img src=""https://s1.thcdn.com/productimg/1600/1600/11985042-7074656876639531.jpg"" class=""http-image"" alt=""https://s1.thcdn.com/productimg/1600/1600/11985042-7074656876639531.jpg"" /></a>",https://www.myprotein.jp/
アミノ酸,MYPROTEIN,Impact EAA,海外,Pink Grapefruit,5090,公式ＨＰ,35,,,,,"<a href=""https://s1.thcdn.com/productimg/1600/1600/11985042-7074656876639531.jpg"" class=""http-image""><img src=""https://s1.thcdn.com/productimg/1600/1600/11985042-7074656876639531.jpg"" class=""http-image"" alt=""https://s1.thcdn.com/productimg/1600/1600/11985042-7074656876639531.jpg"" /></a>",https://www.myprotein.jp/
アミノ酸,MYPROTEIN,Impact EAA,海外,Pink Grapefruit,7090,公式ＨＰ,71,,,,,"<a href=""https://s1.thcdn.com/productimg/1600/1600/11985042-7074656876639531.jpg"" class=""http-image""><img src=""https://s1.thcdn.com/productimg/1600/1600/11985042-7074656876639531.jpg"" class=""http-image"" alt=""https://s1.thcdn.com/productimg/1600/1600/11985042-7074656876639531.jpg"" /></a>",https://www.myprotein.jp/
アミノ酸,MYPROTEIN,Impact EAA,海外,グレープ,11090,公式ＨＰ,142,,,,,"<a href=""https://s1.thcdn.com/productimg/1600/1600/12202737-1844704651369414.jpg"" class=""http-image""><img src=""https://s1.thcdn.com/productimg/1600/1600/12202737-1844704651369414.jpg"" class=""http-image"" alt=""https://s1.thcdn.com/productimg/1600/1600/12202737-1844704651369414.jpg"" /></a>",https://www.myprotein.jp/
アミノ酸,MYPROTEIN,Impact EAA,海外,コーラ,11090,公式ＨＰ,142,,,,,"<a href=""https://s1.thcdn.com/productimg/1600/1600/11985042-7074656876639531.jpg"" class=""http-image""><img src=""https://s1.thcdn.com/productimg/1600/1600/11985042-7074656876639531.jpg"" class=""http-image"" alt=""https://s1.thcdn.com/productimg/1600/1600/11985042-7074656876639531.jpg"" /></a>",https://www.myprotein.jp/
アミノ酸,MYPROTEIN,Impact EAA,海外,コーラ,5090,公式ＨＰ,35,,,,,"<a href=""https://s1.thcdn.com/productimg/1600/1600/11985042-7074656876639531.jpg"" class=""http-image""><img src=""https://s1.thcdn.com/productimg/1600/1600/11985042-7074656876639531.jpg"" class=""http-image"" alt=""https://s1.thcdn.com/productimg/1600/1600/11985042-7074656876639531.jpg"" /></a>",https://www.myprotein.jp/
アミノ酸,MYPROTEIN,Impact EAA,海外,コーラ,7090,公式ＨＰ,71,,,,,"<a href=""https://s1.thcdn.com/productimg/1600/1600/11985042-7074656876639531.jpg"" class=""http-image""><img src=""https://s1.thcdn.com/productimg/1600/1600/11985042-7074656876639531.jpg"" class=""http-image"" alt=""https://s1.thcdn.com/productimg/1600/1600/11985042-7074656876639531.jpg"" /></a>",https://www.myprotein.jp/
アミノ酸,MYPROTEIN,Impact EAA,海外,ストロベリー & ライム,11090,公式ＨＰ,142,,,,,"<a href=""https://s1.thcdn.com/productimg/1600/1600/11985042-7074656876639531.jpg"" class=""http-image""><img src=""https://s1.thcdn.com/productimg/1600/1600/11985042-7074656876639531.jpg"" class=""http-image"" alt=""https://s1.thcdn.com/productimg/1600/1600/11985042-7074656876639531.jpg"" /></a>",https://www.myprotein.jp/
アミノ酸,MYPROTEIN,Impact EAA,海外,ストロベリー & ライム,5090,公式ＨＰ,35,,,,,"<a href=""https://s1.thcdn.com/productimg/1600/1600/11985042-7074656876639531.jpg"" class=""http-image""><img src=""https://s1.thcdn.com/productimg/1600/1600/11985042-7074656876639531.jpg"" class=""http-image"" alt=""https://s1.thcdn.com/productimg/1600/1600/11985042-7074656876639531.jpg"" /></a>",https://www.myprotein.jp/
アミノ酸,MYPROTEIN,Impact EAA,海外,ストロベリー & ライム,7090,公式ＨＰ,71,,,,,"<a href=""https://s1.thcdn.com/productimg/1600/1600/11985042-7074656876639531.jpg"" class=""http-image""><img src=""https://s1.thcdn.com/productimg/1600/1600/11985042-7074656876639531.jpg"" class=""http-image"" alt=""https://s1.thcdn.com/productimg/1600/1600/11985042-7074656876639531.jpg"" /></a>",https://www.myprotein.jp/
アミノ酸,MYPROTEIN,Impact EAA,海外,トロピカル,11090,公式ＨＰ,142,,,,,"<a href=""https://s1.thcdn.com/productimg/1600/1600/11985042-7074656876639531.jpg"" class=""http-image""><img src=""https://s1.thcdn.com/productimg/1600/1600/11985042-7074656876639531.jpg"" class=""http-image"" alt=""https://s1.thcdn.com/productimg/1600/1600/11985042-7074656876639531.jpg"" /></a>",https://www.myprotein.jp/
アミノ酸,MYPROTEIN,Impact EAA,海外,トロピカル,5090,公式ＨＰ,35,,,,,"<a href=""https://s1.thcdn.com/productimg/1600/1600/11985042-7074656876639531.jpg"" class=""http-image""><img src=""https://s1.thcdn.com/productimg/1600/1600/11985042-7074656876639531.jpg"" class=""http-image"" alt=""https://s1.thcdn.com/productimg/1600/1600/11985042-7074656876639531.jpg"" /></a>",https://www.myprotein.jp/
アミノ酸,MYPROTEIN,Impact EAA,海外,トロピカル,7090,公式ＨＰ,71,,,,,"<a href=""https://s1.thcdn.com/productimg/1600/1600/11985042-7074656876639531.jpg"" class=""http-image""><img src=""https://s1.thcdn.com/productimg/1600/1600/11985042-7074656876639531.jpg"" class=""http-image"" alt=""https://s1.thcdn.com/productimg/1600/1600/11985042-7074656876639531.jpg"" /></a>",https://www.myprotein.jp/
アミノ酸,MYPROTEIN,Impact EAA,海外,ノンフレーバー,11090,公式ＨＰ,142,,,,,"<a href=""https://s1.thcdn.com/productimg/1600/1600/11985042-7074656876639531.jpg"" class=""http-image""><img src=""https://s1.thcdn.com/productimg/1600/1600/11985042-7074656876639531.jpg"" class=""http-image"" alt=""https://s1.thcdn.com/productimg/1600/1600/11985042-7074656876639531.jpg"" /></a>",https://www.myprotein.jp/
アミノ酸,MYPROTEIN,Impact EAA,海外,ノンフレーバー,5090,公式ＨＰ,35,,,,,"<a href=""https://s1.thcdn.com/productimg/1600/1600/11985042-7074656876639531.jpg"" class=""http-image""><img src=""https://s1.thcdn.com/productimg/1600/1600/11985042-7074656876639531.jpg"" class=""http-image"" alt=""https://s1.thcdn.com/productimg/1600/1600/11985042-7074656876639531.jpg"" /></a>",https://www.myprotein.jp/
アミノ酸,MYPROTEIN,Impact EAA,海外,ノンフレーバー,7090,公式ＨＰ,71,,,,,"<a href=""https://s1.thcdn.com/productimg/1600/1600/11985042-7074656876639531.jpg"" class=""http-image""><img src=""https://s1.thcdn.com/productimg/1600/1600/11985042-7074656876639531.jpg"" class=""http-image"" alt=""https://s1.thcdn.com/productimg/1600/1600/11985042-7074656876639531.jpg"" /></a>",https://www.myprotein.jp/
アミノ酸,MYPROTEIN,Impact EAA,海外,ピーチマンゴー,11090,公式ＨＰ,142,,,,,"<a href=""https://s1.thcdn.com/productimg/1600/1600/11985042-7074656876639531.jpg"" class=""http-image""><img src=""https://s1.thcdn.com/productimg/1600/1600/11985042-7074656876639531.jpg"" class=""http-image"" alt=""https://s1.thcdn.com/productimg/1600/1600/11985042-7074656876639531.jpg"" /></a>",https://www.myprotein.jp/
アミノ酸,MYPROTEIN,Impact EAA,海外,ピーチマンゴー,5090,公式ＨＰ,35,,,,,"<a href=""https://s1.thcdn.com/productimg/1600/1600/11985042-7074656876639531.jpg"" class=""http-image""><img src=""https://s1.thcdn.com/productimg/1600/1600/11985042-7074656876639531.jpg"" class=""http-image"" alt=""https://s1.thcdn.com/productimg/1600/1600/11985042-7074656876639531.jpg"" /></a>",https://www.myprotein.jp/
アミノ酸,MYPROTEIN,Impact EAA,海外,ピーチマンゴー,7090,公式ＨＰ,71,,,,,"<a href=""https://s1.thcdn.com/productimg/1600/1600/11985042-7074656876639531.jpg"" class=""http-image""><img src=""https://s1.thcdn.com/productimg/1600/1600/11985042-7074656876639531.jpg"" class=""http-image"" alt=""https://s1.thcdn.com/productimg/1600/1600/11985042-7074656876639531.jpg"" /></a>",https://www.myprotein.jp/
アミノ酸,MYPROTEIN,Impact EAA,海外,プラム,11090,公式ＨＰ,142,,,,,"<a href=""https://s1.thcdn.com/productimg/1600/1600/11985042-7074656876639531.jpg"" class=""http-image""><img src=""https://s1.thcdn.com/productimg/1600/1600/11985042-7074656876639531.jpg"" class=""http-image"" alt=""https://s1.thcdn.com/productimg/1600/1600/11985042-7074656876639531.jpg"" /></a>",https://www.myprotein.jp/
アミノ酸,MYPROTEIN,Impact EAA,海外,プラム,5090,公式ＨＰ,35,,,,,"<a href=""https://s1.thcdn.com/productimg/1600/1600/11985042-7074656876639531.jpg"" class=""http-image""><img src=""https://s1.thcdn.com/productimg/1600/1600/11985042-7074656876639531.jpg"" class=""http-image"" alt=""https://s1.thcdn.com/productimg/1600/1600/11985042-7074656876639531.jpg"" /></a>",https://www.myprotein.jp/
アミノ酸,MYPROTEIN,Impact EAA,海外,プラム,7090,公式ＨＰ,71,,,,,"<a href=""https://s1.thcdn.com/productimg/1600/1600/11985042-7074656876639531.jpg"" class=""http-image""><img src=""https://s1.thcdn.com/productimg/1600/1600/11985042-7074656876639531.jpg"" class=""http-image"" alt=""https://s1.thcdn.com/productimg/1600/1600/11985042-7074656876639531.jpg"" /></a>",https://www.myprotein.jp/
アミノ酸,MYPROTEIN,Impact EAA,海外,ゆず,11090,公式ＨＰ,142,,,,,"<a href=""https://s1.thcdn.com/productimg/1600/1600/11985042-7074656876639531.jpg"" class=""http-image""><img src=""https://s1.thcdn.com/productimg/1600/1600/11985042-7074656876639531.jpg"" class=""http-image"" alt=""https://s1.thcdn.com/productimg/1600/1600/11985042-7074656876639531.jpg"" /></a>",https://www.myprotein.jp/
アミノ酸,MYPROTEIN,Impact EAA,海外,ゆず,5090,公式ＨＰ,35,,,,,"<a href=""https://s1.thcdn.com/productimg/1600/1600/11985042-7074656876639531.jpg"" class=""http-image""><img src=""https://s1.thcdn.com/productimg/1600/1600/11985042-7074656876639531.jpg"" class=""http-image"" alt=""https://s1.thcdn.com/productimg/1600/1600/11985042-7074656876639531.jpg"" /></a>",https://www.myprotein.jp/
アミノ酸,MYPROTEIN,Impact EAA,海外,ゆず,7090,公式ＨＰ,71,,,,,"<a href=""https://s1.thcdn.com/productimg/1600/1600/11985042-7074656876639531.jpg"" class=""http-image""><img src=""https://s1.thcdn.com/productimg/1600/1600/11985042-7074656876639531.jpg"" class=""http-image"" alt=""https://s1.thcdn.com/productimg/1600/1600/11985042-7074656876639531.jpg"" /></a>",https://www.myprotein.jp/
アミノ酸,MYPROTEIN,Impact EAA,海外,ラズベリーレモネード,11090,公式ＨＰ,142,,,,,"<a href=""https://s1.thcdn.com/productimg/1600/1600/11985042-7074656876639531.jpg"" class=""http-image""><img src=""https://s1.thcdn.com/productimg/1600/1600/11985042-7074656876639531.jpg"" class=""http-image"" alt=""https://s1.thcdn.com/productimg/1600/1600/11985042-7074656876639531.jpg"" /></a>",https://www.myprotein.jp/
アミノ酸,MYPROTEIN,Impact EAA,海外,ラズベリーレモネード,5090,公式ＨＰ,35,,,,,"<a href=""https://s1.thcdn.com/productimg/1600/1600/11985042-7074656876639531.jpg"" class=""http-image""><img src=""https://s1.thcdn.com/productimg/1600/1600/11985042-7074656876639531.jpg"" class=""http-image"" alt=""https://s1.thcdn.com/productimg/1600/1600/11985042-7074656876639531.jpg"" /></a>",https://www.myprotein.jp/
アミノ酸,MYPROTEIN,Impact EAA,海外,ラズベリーレモネード,7090,公式ＨＰ,71,,,,,"<a href=""https://s1.thcdn.com/productimg/1600/1600/11985042-7074656876639531.jpg"" class=""http-image""><img src=""https://s1.thcdn.com/productimg/1600/1600/11985042-7074656876639531.jpg"" class=""http-image"" alt=""https://s1.thcdn.com/productimg/1600/1600/11985042-7074656876639531.jpg"" /></a>",https://www.myprotein.jp/
アミノ酸,MYPROTEIN,Impact EAA,海外,ラムネ,11090,公式ＨＰ,142,,,,,"<a href=""https://s1.thcdn.com/productimg/1600/1600/12187503-6854704650990664.jpg"" class=""http-image""><img src=""https://s1.thcdn.com/productimg/1600/1600/12187503-6854704650990664.jpg"" class=""http-image"" alt=""https://s1.thcdn.com/productimg/1600/1600/12187503-6854704650990664.jpg"" /></a>",https://www.myprotein.jp/
アミノ酸,MYPROTEIN,Impact EAA,海外,ラムネ,5090,公式ＨＰ,35,,,,,"<a href=""https://s1.thcdn.com/productimg/1600/1600/12187503-6854704650990664.jpg"" class=""http-image""><img src=""https://s1.thcdn.com/productimg/1600/1600/12187503-6854704650990664.jpg"" class=""http-image"" alt=""https://s1.thcdn.com/productimg/1600/1600/12187503-6854704650990664.jpg"" /></a>",https://www.myprotein.jp/
アミノ酸,MYPROTEIN,Impact EAA,海外,ラムネ,7090,公式ＨＰ,71,,,,,"<a href=""https://s1.thcdn.com/productimg/1600/1600/12187503-6854704650990664.jpg"" class=""http-image""><img src=""https://s1.thcdn.com/productimg/1600/1600/12187503-6854704650990664.jpg"" class=""http-image"" alt=""https://s1.thcdn.com/productimg/1600/1600/12187503-6854704650990664.jpg"" /></a>",https://www.myprotein.jp/
アミノ酸,MYPROTEIN,HMB タブレット,海外,ノンフレーバー,3490,公式ＨＰ,90,,,,,"<a href=""https://s1.thcdn.com/productimg/1600/1600/10636952-1744620652516329.jpg"" class=""http-image""><img src=""https://s1.thcdn.com/productimg/1600/1600/10636952-1744620652516329.jpg"" class=""http-image"" alt=""https://s1.thcdn.com/productimg/1600/1600/10636952-1744620652516329.jpg"" /></a>",https://www.myprotein.jp/
